--
-- PostgreSQL database dump
--

-- Dumped from database version 16.0
-- Dumped by pg_dump version 16.0

-- Started on 2024-04-25 15:39:17

SET statement_timeout = 0;
SET lock_timeout = 0;
SET idle_in_transaction_session_timeout = 0;
SET client_encoding = 'UTF8';
SET standard_conforming_strings = on;
SELECT pg_catalog.set_config('search_path', '', false);
SET check_function_bodies = false;
SET xmloption = content;
SET client_min_messages = warning;
SET row_security = off;

--
-- TOC entry 7 (class 2615 OID 238366)
-- Name: blog; Type: SCHEMA; Schema: -; Owner: postgres
--

CREATE SCHEMA blog;


ALTER SCHEMA blog OWNER TO postgres;

--
-- TOC entry 8 (class 2615 OID 238367)
-- Name: encounters; Type: SCHEMA; Schema: -; Owner: postgres
--

CREATE SCHEMA encounters;


ALTER SCHEMA encounters OWNER TO postgres;

--
-- TOC entry 9 (class 2615 OID 246555)
-- Name: payments; Type: SCHEMA; Schema: -; Owner: postgres
--

CREATE SCHEMA payments;


ALTER SCHEMA payments OWNER TO postgres;

--
-- TOC entry 5 (class 2615 OID 238364)
-- Name: stakeholders; Type: SCHEMA; Schema: -; Owner: postgres
--

CREATE SCHEMA stakeholders;


ALTER SCHEMA stakeholders OWNER TO postgres;

--
-- TOC entry 6 (class 2615 OID 238365)
-- Name: tours; Type: SCHEMA; Schema: -; Owner: postgres
--

CREATE SCHEMA tours;


ALTER SCHEMA tours OWNER TO postgres;

SET default_tablespace = '';

SET default_table_access_method = heap;

--
-- TOC entry 283 (class 1259 OID 238734)
-- Name: BlogPosts; Type: TABLE; Schema: blog; Owner: postgres
--

CREATE TABLE blog."BlogPosts" (
    "Id" bigint NOT NULL,
    "UserId" bigint NOT NULL,
    "Title" text NOT NULL,
    "Description" text NOT NULL,
    "CreationDate" timestamp with time zone NOT NULL,
    "ImageNames" text[],
    "Status" integer NOT NULL,
    "Ratings" jsonb,
    "Comments" jsonb
);


ALTER TABLE blog."BlogPosts" OWNER TO postgres;

--
-- TOC entry 282 (class 1259 OID 238733)
-- Name: BlogPosts_Id_seq; Type: SEQUENCE; Schema: blog; Owner: postgres
--

ALTER TABLE blog."BlogPosts" ALTER COLUMN "Id" ADD GENERATED BY DEFAULT AS IDENTITY (
    SEQUENCE NAME blog."BlogPosts_Id_seq"
    START WITH 1
    INCREMENT BY 1
    NO MINVALUE
    NO MAXVALUE
    CACHE 1
);


--
-- TOC entry 281 (class 1259 OID 238728)
-- Name: __EFMigrationsHistory; Type: TABLE; Schema: blog; Owner: postgres
--

CREATE TABLE blog."__EFMigrationsHistory" (
    "MigrationId" character varying(150) NOT NULL,
    "ProductVersion" character varying(32) NOT NULL
);


ALTER TABLE blog."__EFMigrationsHistory" OWNER TO postgres;

--
-- TOC entry 286 (class 1259 OID 238806)
-- Name: Encounter; Type: TABLE; Schema: encounters; Owner: postgres
--

CREATE TABLE encounters."Encounter" (
    "Id" bigint NOT NULL,
    "AuthorId" bigint NOT NULL,
    "Name" text NOT NULL,
    "Description" text NOT NULL,
    "XP" integer NOT NULL,
    "Status" integer NOT NULL,
    "Type" integer NOT NULL,
    "Latitude" double precision NOT NULL,
    "Longitude" double precision NOT NULL
);


ALTER TABLE encounters."Encounter" OWNER TO postgres;

--
-- TOC entry 290 (class 1259 OID 238820)
-- Name: EncounterExecution; Type: TABLE; Schema: encounters; Owner: postgres
--

CREATE TABLE encounters."EncounterExecution" (
    "Id" bigint NOT NULL,
    "EncounterId" bigint NOT NULL,
    "TouristId" bigint NOT NULL,
    "TouristLatitude" double precision NOT NULL,
    "TouristLongitute" double precision NOT NULL,
    "Status" integer NOT NULL,
    "StartTime" timestamp with time zone NOT NULL,
    "EndTime" timestamp with time zone NOT NULL
);


ALTER TABLE encounters."EncounterExecution" OWNER TO postgres;

--
-- TOC entry 289 (class 1259 OID 238819)
-- Name: EncounterExecution_Id_seq; Type: SEQUENCE; Schema: encounters; Owner: postgres
--

ALTER TABLE encounters."EncounterExecution" ALTER COLUMN "Id" ADD GENERATED BY DEFAULT AS IDENTITY (
    SEQUENCE NAME encounters."EncounterExecution_Id_seq"
    START WITH 1
    INCREMENT BY 1
    NO MINVALUE
    NO MAXVALUE
    CACHE 1
);


--
-- TOC entry 288 (class 1259 OID 238814)
-- Name: EncounterRequests; Type: TABLE; Schema: encounters; Owner: postgres
--

CREATE TABLE encounters."EncounterRequests" (
    "Id" bigint NOT NULL,
    "EncounterId" bigint NOT NULL,
    "TouristId" integer NOT NULL,
    "Status" integer NOT NULL
);


ALTER TABLE encounters."EncounterRequests" OWNER TO postgres;

--
-- TOC entry 287 (class 1259 OID 238813)
-- Name: EncounterRequests_Id_seq; Type: SEQUENCE; Schema: encounters; Owner: postgres
--

ALTER TABLE encounters."EncounterRequests" ALTER COLUMN "Id" ADD GENERATED BY DEFAULT AS IDENTITY (
    SEQUENCE NAME encounters."EncounterRequests_Id_seq"
    START WITH 1
    INCREMENT BY 1
    NO MINVALUE
    NO MAXVALUE
    CACHE 1
);


--
-- TOC entry 285 (class 1259 OID 238805)
-- Name: Encounter_Id_seq; Type: SEQUENCE; Schema: encounters; Owner: postgres
--

ALTER TABLE encounters."Encounter" ALTER COLUMN "Id" ADD GENERATED BY DEFAULT AS IDENTITY (
    SEQUENCE NAME encounters."Encounter_Id_seq"
    START WITH 1
    INCREMENT BY 1
    NO MINVALUE
    NO MAXVALUE
    CACHE 1
);


--
-- TOC entry 291 (class 1259 OID 238830)
-- Name: HiddenLocationEncounter; Type: TABLE; Schema: encounters; Owner: postgres
--

CREATE TABLE encounters."HiddenLocationEncounter" (
    "Id" bigint NOT NULL,
    "LocationLongitude" double precision NOT NULL,
    "LocationLatitude" double precision NOT NULL,
    "Image" text NOT NULL,
    "Range" double precision NOT NULL
);


ALTER TABLE encounters."HiddenLocationEncounter" OWNER TO postgres;

--
-- TOC entry 292 (class 1259 OID 238842)
-- Name: SocialEncounter; Type: TABLE; Schema: encounters; Owner: postgres
--

CREATE TABLE encounters."SocialEncounter" (
    "Id" bigint NOT NULL,
    "RequiredPeople" integer NOT NULL,
    "Range" double precision NOT NULL,
    "ActiveTouristsIds" integer[]
);


ALTER TABLE encounters."SocialEncounter" OWNER TO postgres;

--
-- TOC entry 284 (class 1259 OID 238800)
-- Name: __EFMigrationsHistory; Type: TABLE; Schema: encounters; Owner: postgres
--

CREATE TABLE encounters."__EFMigrationsHistory" (
    "MigrationId" character varying(150) NOT NULL,
    "ProductVersion" character varying(32) NOT NULL
);


ALTER TABLE encounters."__EFMigrationsHistory" OWNER TO postgres;

--
-- TOC entry 295 (class 1259 OID 246562)
-- Name: Coupons; Type: TABLE; Schema: payments; Owner: postgres
--

CREATE TABLE payments."Coupons" (
    "Id" bigint NOT NULL,
    "SellerId" bigint NOT NULL,
    "Code" text NOT NULL,
    "DiscountPercentage" integer NOT NULL,
    "ExpirationDate" timestamp with time zone,
    "IsGlobal" boolean NOT NULL,
    "TourId" bigint,
    "IsUsed" boolean NOT NULL
);


ALTER TABLE payments."Coupons" OWNER TO postgres;

--
-- TOC entry 294 (class 1259 OID 246561)
-- Name: Coupons_Id_seq; Type: SEQUENCE; Schema: payments; Owner: postgres
--

ALTER TABLE payments."Coupons" ALTER COLUMN "Id" ADD GENERATED BY DEFAULT AS IDENTITY (
    SEQUENCE NAME payments."Coupons_Id_seq"
    START WITH 1
    INCREMENT BY 1
    NO MINVALUE
    NO MAXVALUE
    CACHE 1
);


--
-- TOC entry 297 (class 1259 OID 246570)
-- Name: Items; Type: TABLE; Schema: payments; Owner: postgres
--

CREATE TABLE payments."Items" (
    "Id" bigint NOT NULL,
    "SellerId" bigint NOT NULL,
    "ItemId" bigint NOT NULL,
    "Name" text NOT NULL,
    "Price" integer NOT NULL,
    "Type" integer NOT NULL,
    "BundleItemIds" bigint[]
);


ALTER TABLE payments."Items" OWNER TO postgres;

--
-- TOC entry 296 (class 1259 OID 246569)
-- Name: Items_Id_seq; Type: SEQUENCE; Schema: payments; Owner: postgres
--

ALTER TABLE payments."Items" ALTER COLUMN "Id" ADD GENERATED BY DEFAULT AS IDENTITY (
    SEQUENCE NAME payments."Items_Id_seq"
    START WITH 1
    INCREMENT BY 1
    NO MINVALUE
    NO MAXVALUE
    CACHE 1
);


--
-- TOC entry 299 (class 1259 OID 246578)
-- Name: PaymentRecords; Type: TABLE; Schema: payments; Owner: postgres
--

CREATE TABLE payments."PaymentRecords" (
    "Id" bigint NOT NULL,
    "UserId" bigint NOT NULL,
    "ItemId" bigint NOT NULL,
    "Price" integer NOT NULL,
    "Timestamp" timestamp with time zone NOT NULL
);


ALTER TABLE payments."PaymentRecords" OWNER TO postgres;

--
-- TOC entry 298 (class 1259 OID 246577)
-- Name: PaymentRecords_Id_seq; Type: SEQUENCE; Schema: payments; Owner: postgres
--

ALTER TABLE payments."PaymentRecords" ALTER COLUMN "Id" ADD GENERATED BY DEFAULT AS IDENTITY (
    SEQUENCE NAME payments."PaymentRecords_Id_seq"
    START WITH 1
    INCREMENT BY 1
    NO MINVALUE
    NO MAXVALUE
    CACHE 1
);


--
-- TOC entry 301 (class 1259 OID 246584)
-- Name: PurchaseTokens; Type: TABLE; Schema: payments; Owner: postgres
--

CREATE TABLE payments."PurchaseTokens" (
    "Id" bigint NOT NULL,
    "UserId" bigint NOT NULL,
    "TourId" bigint NOT NULL
);


ALTER TABLE payments."PurchaseTokens" OWNER TO postgres;

--
-- TOC entry 300 (class 1259 OID 246583)
-- Name: PurchaseTokens_Id_seq; Type: SEQUENCE; Schema: payments; Owner: postgres
--

ALTER TABLE payments."PurchaseTokens" ALTER COLUMN "Id" ADD GENERATED BY DEFAULT AS IDENTITY (
    SEQUENCE NAME payments."PurchaseTokens_Id_seq"
    START WITH 1
    INCREMENT BY 1
    NO MINVALUE
    NO MAXVALUE
    CACHE 1
);


--
-- TOC entry 303 (class 1259 OID 246590)
-- Name: Sales; Type: TABLE; Schema: payments; Owner: postgres
--

CREATE TABLE payments."Sales" (
    "Id" bigint NOT NULL,
    "ToursIds" bigint[] NOT NULL,
    "Start" timestamp with time zone NOT NULL,
    "End" timestamp with time zone NOT NULL,
    "Discount" integer NOT NULL,
    "AuthorId" bigint NOT NULL
);


ALTER TABLE payments."Sales" OWNER TO postgres;

--
-- TOC entry 302 (class 1259 OID 246589)
-- Name: Sales_Id_seq; Type: SEQUENCE; Schema: payments; Owner: postgres
--

ALTER TABLE payments."Sales" ALTER COLUMN "Id" ADD GENERATED BY DEFAULT AS IDENTITY (
    SEQUENCE NAME payments."Sales_Id_seq"
    START WITH 1
    INCREMENT BY 1
    NO MINVALUE
    NO MAXVALUE
    CACHE 1
);


--
-- TOC entry 305 (class 1259 OID 246598)
-- Name: ShoppingCarts; Type: TABLE; Schema: payments; Owner: postgres
--

CREATE TABLE payments."ShoppingCarts" (
    "Id" bigint NOT NULL,
    "UserId" bigint NOT NULL,
    "LastActivity" timestamp with time zone NOT NULL,
    "Items" jsonb NOT NULL,
    "Changes" jsonb NOT NULL,
    "Version" integer NOT NULL
);


ALTER TABLE payments."ShoppingCarts" OWNER TO postgres;

--
-- TOC entry 304 (class 1259 OID 246597)
-- Name: ShoppingCarts_Id_seq; Type: SEQUENCE; Schema: payments; Owner: postgres
--

ALTER TABLE payments."ShoppingCarts" ALTER COLUMN "Id" ADD GENERATED BY DEFAULT AS IDENTITY (
    SEQUENCE NAME payments."ShoppingCarts_Id_seq"
    START WITH 1
    INCREMENT BY 1
    NO MINVALUE
    NO MAXVALUE
    CACHE 1
);


--
-- TOC entry 307 (class 1259 OID 246606)
-- Name: TouristWallets; Type: TABLE; Schema: payments; Owner: postgres
--

CREATE TABLE payments."TouristWallets" (
    "Id" bigint NOT NULL,
    "AdventureCoins" integer NOT NULL,
    "UserId" bigint NOT NULL
);


ALTER TABLE payments."TouristWallets" OWNER TO postgres;

--
-- TOC entry 306 (class 1259 OID 246605)
-- Name: TouristWallets_Id_seq; Type: SEQUENCE; Schema: payments; Owner: postgres
--

ALTER TABLE payments."TouristWallets" ALTER COLUMN "Id" ADD GENERATED BY DEFAULT AS IDENTITY (
    SEQUENCE NAME payments."TouristWallets_Id_seq"
    START WITH 1
    INCREMENT BY 1
    NO MINVALUE
    NO MAXVALUE
    CACHE 1
);


--
-- TOC entry 293 (class 1259 OID 246556)
-- Name: __EFMigrationsHistory; Type: TABLE; Schema: payments; Owner: postgres
--

CREATE TABLE payments."__EFMigrationsHistory" (
    "MigrationId" character varying(150) NOT NULL,
    "ProductVersion" character varying(32) NOT NULL
);


ALTER TABLE payments."__EFMigrationsHistory" OWNER TO postgres;

--
-- TOC entry 221 (class 1259 OID 238375)
-- Name: ApplicationGrades; Type: TABLE; Schema: stakeholders; Owner: postgres
--

CREATE TABLE stakeholders."ApplicationGrades" (
    "Id" integer NOT NULL,
    "Rating" integer NOT NULL,
    "Comment" text,
    "Created" timestamp with time zone NOT NULL,
    "UserId" bigint NOT NULL
);


ALTER TABLE stakeholders."ApplicationGrades" OWNER TO postgres;

--
-- TOC entry 220 (class 1259 OID 238374)
-- Name: ApplicationGrades_Id_seq; Type: SEQUENCE; Schema: stakeholders; Owner: postgres
--

ALTER TABLE stakeholders."ApplicationGrades" ALTER COLUMN "Id" ADD GENERATED BY DEFAULT AS IDENTITY (
    SEQUENCE NAME stakeholders."ApplicationGrades_Id_seq"
    START WITH 1
    INCREMENT BY 1
    NO MINVALUE
    NO MAXVALUE
    CACHE 1
);


--
-- TOC entry 223 (class 1259 OID 238383)
-- Name: CheckpointRequests; Type: TABLE; Schema: stakeholders; Owner: postgres
--

CREATE TABLE stakeholders."CheckpointRequests" (
    "Id" bigint NOT NULL,
    "CheckpointId" bigint NOT NULL,
    "AuthorId" integer NOT NULL,
    "Status" integer NOT NULL
);


ALTER TABLE stakeholders."CheckpointRequests" OWNER TO postgres;

--
-- TOC entry 222 (class 1259 OID 238382)
-- Name: CheckpointRequests_Id_seq; Type: SEQUENCE; Schema: stakeholders; Owner: postgres
--

ALTER TABLE stakeholders."CheckpointRequests" ALTER COLUMN "Id" ADD GENERATED BY DEFAULT AS IDENTITY (
    SEQUENCE NAME stakeholders."CheckpointRequests_Id_seq"
    START WITH 1
    INCREMENT BY 1
    NO MINVALUE
    NO MAXVALUE
    CACHE 1
);


--
-- TOC entry 225 (class 1259 OID 238389)
-- Name: ClubInvitations; Type: TABLE; Schema: stakeholders; Owner: postgres
--

CREATE TABLE stakeholders."ClubInvitations" (
    "Id" bigint NOT NULL,
    "OwnerId" integer NOT NULL,
    "MemberId" integer NOT NULL,
    "ClubId" integer NOT NULL,
    "Status" text NOT NULL
);


ALTER TABLE stakeholders."ClubInvitations" OWNER TO postgres;

--
-- TOC entry 224 (class 1259 OID 238388)
-- Name: ClubInvitations_Id_seq; Type: SEQUENCE; Schema: stakeholders; Owner: postgres
--

ALTER TABLE stakeholders."ClubInvitations" ALTER COLUMN "Id" ADD GENERATED BY DEFAULT AS IDENTITY (
    SEQUENCE NAME stakeholders."ClubInvitations_Id_seq"
    START WITH 1
    INCREMENT BY 1
    NO MINVALUE
    NO MAXVALUE
    CACHE 1
);


--
-- TOC entry 238 (class 1259 OID 238442)
-- Name: ClubUser; Type: TABLE; Schema: stakeholders; Owner: postgres
--

CREATE TABLE stakeholders."ClubUser" (
    "ClubsId" bigint NOT NULL,
    "UsersId" bigint NOT NULL
);


ALTER TABLE stakeholders."ClubUser" OWNER TO postgres;

--
-- TOC entry 227 (class 1259 OID 238397)
-- Name: Clubs; Type: TABLE; Schema: stakeholders; Owner: postgres
--

CREATE TABLE stakeholders."Clubs" (
    "Id" bigint NOT NULL,
    "Name" text NOT NULL,
    "Description" text NOT NULL,
    "Image" text NOT NULL,
    "TouristId" bigint NOT NULL
);


ALTER TABLE stakeholders."Clubs" OWNER TO postgres;

--
-- TOC entry 226 (class 1259 OID 238396)
-- Name: Clubs_Id_seq; Type: SEQUENCE; Schema: stakeholders; Owner: postgres
--

ALTER TABLE stakeholders."Clubs" ALTER COLUMN "Id" ADD GENERATED BY DEFAULT AS IDENTITY (
    SEQUENCE NAME stakeholders."Clubs_Id_seq"
    START WITH 1
    INCREMENT BY 1
    NO MINVALUE
    NO MAXVALUE
    CACHE 1
);


--
-- TOC entry 229 (class 1259 OID 238405)
-- Name: Messages; Type: TABLE; Schema: stakeholders; Owner: postgres
--

CREATE TABLE stakeholders."Messages" (
    "Id" bigint NOT NULL,
    "SenderId" bigint NOT NULL,
    "RecipientId" bigint NOT NULL,
    "SenderUsername" text NOT NULL,
    "Title" text NOT NULL,
    "SentDateTime" timestamp with time zone,
    "ReadDateTime" timestamp with time zone,
    "Content" text NOT NULL,
    "IsRead" boolean NOT NULL
);


ALTER TABLE stakeholders."Messages" OWNER TO postgres;

--
-- TOC entry 228 (class 1259 OID 238404)
-- Name: Messages_Id_seq; Type: SEQUENCE; Schema: stakeholders; Owner: postgres
--

ALTER TABLE stakeholders."Messages" ALTER COLUMN "Id" ADD GENERATED BY DEFAULT AS IDENTITY (
    SEQUENCE NAME stakeholders."Messages_Id_seq"
    START WITH 1
    INCREMENT BY 1
    NO MINVALUE
    NO MAXVALUE
    CACHE 1
);


--
-- TOC entry 240 (class 1259 OID 238458)
-- Name: Notifications; Type: TABLE; Schema: stakeholders; Owner: postgres
--

CREATE TABLE stakeholders."Notifications" (
    "Id" bigint NOT NULL,
    "Description" text NOT NULL,
    "CreationTime" timestamp with time zone NOT NULL,
    "IsRead" boolean NOT NULL,
    "UserId" bigint NOT NULL,
    "Type" integer NOT NULL,
    "ForeignId" bigint
);


ALTER TABLE stakeholders."Notifications" OWNER TO postgres;

--
-- TOC entry 239 (class 1259 OID 238457)
-- Name: Notifications_Id_seq; Type: SEQUENCE; Schema: stakeholders; Owner: postgres
--

ALTER TABLE stakeholders."Notifications" ALTER COLUMN "Id" ADD GENERATED BY DEFAULT AS IDENTITY (
    SEQUENCE NAME stakeholders."Notifications_Id_seq"
    START WITH 1
    INCREMENT BY 1
    NO MINVALUE
    NO MAXVALUE
    CACHE 1
);


--
-- TOC entry 231 (class 1259 OID 238413)
-- Name: ObjectRequests; Type: TABLE; Schema: stakeholders; Owner: postgres
--

CREATE TABLE stakeholders."ObjectRequests" (
    "Id" bigint NOT NULL,
    "MapObjectId" integer NOT NULL,
    "AuthorId" integer NOT NULL,
    "Status" integer NOT NULL
);


ALTER TABLE stakeholders."ObjectRequests" OWNER TO postgres;

--
-- TOC entry 230 (class 1259 OID 238412)
-- Name: ObjectRequests_Id_seq; Type: SEQUENCE; Schema: stakeholders; Owner: postgres
--

ALTER TABLE stakeholders."ObjectRequests" ALTER COLUMN "Id" ADD GENERATED BY DEFAULT AS IDENTITY (
    SEQUENCE NAME stakeholders."ObjectRequests_Id_seq"
    START WITH 1
    INCREMENT BY 1
    NO MINVALUE
    NO MAXVALUE
    CACHE 1
);


--
-- TOC entry 242 (class 1259 OID 238471)
-- Name: People; Type: TABLE; Schema: stakeholders; Owner: postgres
--

CREATE TABLE stakeholders."People" (
    "Id" bigint NOT NULL,
    "UserId" bigint NOT NULL,
    "Name" text NOT NULL,
    "Surname" text NOT NULL,
    "ProfilePictureUrl" text NOT NULL,
    "Biography" text NOT NULL,
    "Motto" text NOT NULL,
    "Email" text NOT NULL
);


ALTER TABLE stakeholders."People" OWNER TO postgres;

--
-- TOC entry 241 (class 1259 OID 238470)
-- Name: People_Id_seq; Type: SEQUENCE; Schema: stakeholders; Owner: postgres
--

ALTER TABLE stakeholders."People" ALTER COLUMN "Id" ADD GENERATED BY DEFAULT AS IDENTITY (
    SEQUENCE NAME stakeholders."People_Id_seq"
    START WITH 1
    INCREMENT BY 1
    NO MINVALUE
    NO MAXVALUE
    CACHE 1
);


--
-- TOC entry 233 (class 1259 OID 238419)
-- Name: Requests; Type: TABLE; Schema: stakeholders; Owner: postgres
--

CREATE TABLE stakeholders."Requests" (
    "Id" bigint NOT NULL,
    "ClubId" integer NOT NULL,
    "TouristId" integer NOT NULL,
    "Status" text NOT NULL
);


ALTER TABLE stakeholders."Requests" OWNER TO postgres;

--
-- TOC entry 232 (class 1259 OID 238418)
-- Name: Requests_Id_seq; Type: SEQUENCE; Schema: stakeholders; Owner: postgres
--

ALTER TABLE stakeholders."Requests" ALTER COLUMN "Id" ADD GENERATED BY DEFAULT AS IDENTITY (
    SEQUENCE NAME stakeholders."Requests_Id_seq"
    START WITH 1
    INCREMENT BY 1
    NO MINVALUE
    NO MAXVALUE
    CACHE 1
);


--
-- TOC entry 244 (class 1259 OID 238484)
-- Name: SocialProfiles; Type: TABLE; Schema: stakeholders; Owner: postgres
--

CREATE TABLE stakeholders."SocialProfiles" (
    "Id" bigint NOT NULL,
    "UserId" bigint NOT NULL
);


ALTER TABLE stakeholders."SocialProfiles" OWNER TO postgres;

--
-- TOC entry 243 (class 1259 OID 238483)
-- Name: SocialProfiles_Id_seq; Type: SEQUENCE; Schema: stakeholders; Owner: postgres
--

ALTER TABLE stakeholders."SocialProfiles" ALTER COLUMN "Id" ADD GENERATED BY DEFAULT AS IDENTITY (
    SEQUENCE NAME stakeholders."SocialProfiles_Id_seq"
    START WITH 1
    INCREMENT BY 1
    NO MINVALUE
    NO MAXVALUE
    CACHE 1
);


--
-- TOC entry 245 (class 1259 OID 238494)
-- Name: Tourists; Type: TABLE; Schema: stakeholders; Owner: postgres
--

CREATE TABLE stakeholders."Tourists" (
    "Id" bigint NOT NULL,
    "Xp" integer NOT NULL,
    "Level" integer NOT NULL
);


ALTER TABLE stakeholders."Tourists" OWNER TO postgres;

--
-- TOC entry 246 (class 1259 OID 238504)
-- Name: UserClubs; Type: TABLE; Schema: stakeholders; Owner: postgres
--

CREATE TABLE stakeholders."UserClubs" (
    "ClubId" bigint NOT NULL,
    "UserId" bigint NOT NULL
);


ALTER TABLE stakeholders."UserClubs" OWNER TO postgres;

--
-- TOC entry 247 (class 1259 OID 238519)
-- Name: UserFollowers; Type: TABLE; Schema: stakeholders; Owner: postgres
--

CREATE TABLE stakeholders."UserFollowers" (
    "FollowedId" bigint NOT NULL,
    "SocialProfileId" bigint NOT NULL
);


ALTER TABLE stakeholders."UserFollowers" OWNER TO postgres;

--
-- TOC entry 235 (class 1259 OID 238427)
-- Name: Users; Type: TABLE; Schema: stakeholders; Owner: postgres
--

CREATE TABLE stakeholders."Users" (
    "Id" bigint NOT NULL,
    "Username" text NOT NULL,
    "Password" text NOT NULL,
    "Role" integer NOT NULL,
    "IsActive" boolean NOT NULL,
    "IsVerified" boolean NOT NULL
);


ALTER TABLE stakeholders."Users" OWNER TO postgres;

--
-- TOC entry 234 (class 1259 OID 238426)
-- Name: Users_Id_seq; Type: SEQUENCE; Schema: stakeholders; Owner: postgres
--

ALTER TABLE stakeholders."Users" ALTER COLUMN "Id" ADD GENERATED BY DEFAULT AS IDENTITY (
    SEQUENCE NAME stakeholders."Users_Id_seq"
    START WITH 1
    INCREMENT BY 1
    NO MINVALUE
    NO MAXVALUE
    CACHE 1
);


--
-- TOC entry 237 (class 1259 OID 238435)
-- Name: VerificationTokens; Type: TABLE; Schema: stakeholders; Owner: postgres
--

CREATE TABLE stakeholders."VerificationTokens" (
    "Id" bigint NOT NULL,
    "UserId" bigint NOT NULL,
    "TokenCreationTime" timestamp with time zone NOT NULL,
    "TokenData" text NOT NULL
);


ALTER TABLE stakeholders."VerificationTokens" OWNER TO postgres;

--
-- TOC entry 236 (class 1259 OID 238434)
-- Name: VerificationTokens_Id_seq; Type: SEQUENCE; Schema: stakeholders; Owner: postgres
--

ALTER TABLE stakeholders."VerificationTokens" ALTER COLUMN "Id" ADD GENERATED BY DEFAULT AS IDENTITY (
    SEQUENCE NAME stakeholders."VerificationTokens_Id_seq"
    START WITH 1
    INCREMENT BY 1
    NO MINVALUE
    NO MAXVALUE
    CACHE 1
);


--
-- TOC entry 219 (class 1259 OID 238369)
-- Name: __EFMigrationsHistory; Type: TABLE; Schema: stakeholders; Owner: postgres
--

CREATE TABLE stakeholders."__EFMigrationsHistory" (
    "MigrationId" character varying(150) NOT NULL,
    "ProductVersion" character varying(32) NOT NULL
);


ALTER TABLE stakeholders."__EFMigrationsHistory" OWNER TO postgres;

--
-- TOC entry 280 (class 1259 OID 238710)
-- Name: CheckpointCompletition; Type: TABLE; Schema: tours; Owner: postgres
--

CREATE TABLE tours."CheckpointCompletition" (
    "Id" bigint NOT NULL,
    "TourExecutionId" bigint NOT NULL,
    "CheckpointId" bigint NOT NULL,
    "CompletitionTime" timestamp with time zone NOT NULL
);


ALTER TABLE tours."CheckpointCompletition" OWNER TO postgres;

--
-- TOC entry 279 (class 1259 OID 238709)
-- Name: CheckpointCompletition_Id_seq; Type: SEQUENCE; Schema: tours; Owner: postgres
--

ALTER TABLE tours."CheckpointCompletition" ALTER COLUMN "Id" ADD GENERATED BY DEFAULT AS IDENTITY (
    SEQUENCE NAME tours."CheckpointCompletition_Id_seq"
    START WITH 1
    INCREMENT BY 1
    NO MINVALUE
    NO MAXVALUE
    CACHE 1
);


--
-- TOC entry 268 (class 1259 OID 238617)
-- Name: Checkpoints; Type: TABLE; Schema: tours; Owner: postgres
--

CREATE TABLE tours."Checkpoints" (
    "Id" bigint NOT NULL,
    "TourId" bigint NOT NULL,
    "AuthorId" integer NOT NULL,
    "Longitude" double precision NOT NULL,
    "Latitude" double precision NOT NULL,
    "Name" text NOT NULL,
    "Description" text,
    "Pictures" text[] NOT NULL,
    "RequiredTimeInSeconds" double precision NOT NULL,
    "CheckpointSecret" jsonb,
    "EncounterId" bigint NOT NULL,
    "IsSecretPrerequisite" boolean NOT NULL
);


ALTER TABLE tours."Checkpoints" OWNER TO postgres;

--
-- TOC entry 267 (class 1259 OID 238616)
-- Name: Checkpoints_Id_seq; Type: SEQUENCE; Schema: tours; Owner: postgres
--

ALTER TABLE tours."Checkpoints" ALTER COLUMN "Id" ADD GENERATED BY DEFAULT AS IDENTITY (
    SEQUENCE NAME tours."Checkpoints_Id_seq"
    START WITH 1
    INCREMENT BY 1
    NO MINVALUE
    NO MAXVALUE
    CACHE 1
);


--
-- TOC entry 250 (class 1259 OID 238547)
-- Name: CompositeTours; Type: TABLE; Schema: tours; Owner: postgres
--

CREATE TABLE tours."CompositeTours" (
    "Id" bigint NOT NULL,
    "OwnerId" bigint NOT NULL,
    "Name" text NOT NULL,
    "Description" text,
    "TourIds" jsonb
);


ALTER TABLE tours."CompositeTours" OWNER TO postgres;

--
-- TOC entry 249 (class 1259 OID 238546)
-- Name: CompositeTours_Id_seq; Type: SEQUENCE; Schema: tours; Owner: postgres
--

ALTER TABLE tours."CompositeTours" ALTER COLUMN "Id" ADD GENERATED BY DEFAULT AS IDENTITY (
    SEQUENCE NAME tours."CompositeTours_Id_seq"
    START WITH 1
    INCREMENT BY 1
    NO MINVALUE
    NO MAXVALUE
    CACHE 1
);


--
-- TOC entry 252 (class 1259 OID 238555)
-- Name: Equipment; Type: TABLE; Schema: tours; Owner: postgres
--

CREATE TABLE tours."Equipment" (
    "Id" bigint NOT NULL,
    "Name" text NOT NULL,
    "Description" text
);


ALTER TABLE tours."Equipment" OWNER TO postgres;

--
-- TOC entry 251 (class 1259 OID 238554)
-- Name: Equipment_Id_seq; Type: SEQUENCE; Schema: tours; Owner: postgres
--

ALTER TABLE tours."Equipment" ALTER COLUMN "Id" ADD GENERATED BY DEFAULT AS IDENTITY (
    SEQUENCE NAME tours."Equipment_Id_seq"
    START WITH 1
    INCREMENT BY 1
    NO MINVALUE
    NO MAXVALUE
    CACHE 1
);


--
-- TOC entry 254 (class 1259 OID 238563)
-- Name: MapObjects; Type: TABLE; Schema: tours; Owner: postgres
--

CREATE TABLE tours."MapObjects" (
    "Id" bigint NOT NULL,
    "Name" text NOT NULL,
    "Description" text,
    "PictureURL" text,
    "Category" integer,
    "Longitude" real,
    "Latitude" real
);


ALTER TABLE tours."MapObjects" OWNER TO postgres;

--
-- TOC entry 253 (class 1259 OID 238562)
-- Name: MapObjects_Id_seq; Type: SEQUENCE; Schema: tours; Owner: postgres
--

ALTER TABLE tours."MapObjects" ALTER COLUMN "Id" ADD GENERATED BY DEFAULT AS IDENTITY (
    SEQUENCE NAME tours."MapObjects_Id_seq"
    START WITH 1
    INCREMENT BY 1
    NO MINVALUE
    NO MAXVALUE
    CACHE 1
);


--
-- TOC entry 256 (class 1259 OID 238571)
-- Name: PrivateTours; Type: TABLE; Schema: tours; Owner: postgres
--

CREATE TABLE tours."PrivateTours" (
    "Id" bigint NOT NULL,
    "TouristId" integer NOT NULL,
    "Name" text NOT NULL,
    "Checkpoints" jsonb NOT NULL,
    "Execution" jsonb,
    "Blog" jsonb
);


ALTER TABLE tours."PrivateTours" OWNER TO postgres;

--
-- TOC entry 255 (class 1259 OID 238570)
-- Name: PrivateTours_Id_seq; Type: SEQUENCE; Schema: tours; Owner: postgres
--

ALTER TABLE tours."PrivateTours" ALTER COLUMN "Id" ADD GENERATED BY DEFAULT AS IDENTITY (
    SEQUENCE NAME tours."PrivateTours_Id_seq"
    START WITH 1
    INCREMENT BY 1
    NO MINVALUE
    NO MAXVALUE
    CACHE 1
);


--
-- TOC entry 270 (class 1259 OID 238630)
-- Name: PublicCheckpoint; Type: TABLE; Schema: tours; Owner: postgres
--

CREATE TABLE tours."PublicCheckpoint" (
    "Id" bigint NOT NULL,
    "Longitude" double precision NOT NULL,
    "Latitude" double precision NOT NULL,
    "Name" text NOT NULL,
    "Description" text,
    "Pictures" text[] NOT NULL,
    "TourId" bigint
);


ALTER TABLE tours."PublicCheckpoint" OWNER TO postgres;

--
-- TOC entry 269 (class 1259 OID 238629)
-- Name: PublicCheckpoint_Id_seq; Type: SEQUENCE; Schema: tours; Owner: postgres
--

ALTER TABLE tours."PublicCheckpoint" ALTER COLUMN "Id" ADD GENERATED BY DEFAULT AS IDENTITY (
    SEQUENCE NAME tours."PublicCheckpoint_Id_seq"
    START WITH 1
    INCREMENT BY 1
    NO MINVALUE
    NO MAXVALUE
    CACHE 1
);


--
-- TOC entry 258 (class 1259 OID 238579)
-- Name: PublicMapObjects; Type: TABLE; Schema: tours; Owner: postgres
--

CREATE TABLE tours."PublicMapObjects" (
    "Id" bigint NOT NULL,
    "Name" text NOT NULL,
    "Description" text,
    "PictureURL" text,
    "Category" integer,
    "Longitude" real,
    "Latitude" real
);


ALTER TABLE tours."PublicMapObjects" OWNER TO postgres;

--
-- TOC entry 257 (class 1259 OID 238578)
-- Name: PublicMapObjects_Id_seq; Type: SEQUENCE; Schema: tours; Owner: postgres
--

ALTER TABLE tours."PublicMapObjects" ALTER COLUMN "Id" ADD GENERATED BY DEFAULT AS IDENTITY (
    SEQUENCE NAME tours."PublicMapObjects_Id_seq"
    START WITH 1
    INCREMENT BY 1
    NO MINVALUE
    NO MAXVALUE
    CACHE 1
);


--
-- TOC entry 272 (class 1259 OID 238643)
-- Name: ReportedIssues; Type: TABLE; Schema: tours; Owner: postgres
--

CREATE TABLE tours."ReportedIssues" (
    "Id" bigint NOT NULL,
    "Category" text NOT NULL,
    "Description" text,
    "Priority" integer NOT NULL,
    "Time" timestamp with time zone NOT NULL,
    "TourId" bigint NOT NULL,
    "Deadline" timestamp with time zone,
    "Closed" boolean,
    "Resolved" boolean NOT NULL,
    "TouristId" integer NOT NULL,
    "Comments" jsonb
);


ALTER TABLE tours."ReportedIssues" OWNER TO postgres;

--
-- TOC entry 271 (class 1259 OID 238642)
-- Name: ReportedIssues_Id_seq; Type: SEQUENCE; Schema: tours; Owner: postgres
--

ALTER TABLE tours."ReportedIssues" ALTER COLUMN "Id" ADD GENERATED BY DEFAULT AS IDENTITY (
    SEQUENCE NAME tours."ReportedIssues_Id_seq"
    START WITH 1
    INCREMENT BY 1
    NO MINVALUE
    NO MAXVALUE
    CACHE 1
);


--
-- TOC entry 260 (class 1259 OID 238587)
-- Name: TourBundles; Type: TABLE; Schema: tours; Owner: postgres
--

CREATE TABLE tours."TourBundles" (
    "Id" bigint NOT NULL,
    "Name" text NOT NULL,
    "Price" double precision NOT NULL,
    "AuthorId" integer NOT NULL,
    "Status" integer NOT NULL
);


ALTER TABLE tours."TourBundles" OWNER TO postgres;

--
-- TOC entry 259 (class 1259 OID 238586)
-- Name: TourBundles_Id_seq; Type: SEQUENCE; Schema: tours; Owner: postgres
--

ALTER TABLE tours."TourBundles" ALTER COLUMN "Id" ADD GENERATED BY DEFAULT AS IDENTITY (
    SEQUENCE NAME tours."TourBundles_Id_seq"
    START WITH 1
    INCREMENT BY 1
    NO MINVALUE
    NO MAXVALUE
    CACHE 1
);


--
-- TOC entry 273 (class 1259 OID 238655)
-- Name: TourEquipment; Type: TABLE; Schema: tours; Owner: postgres
--

CREATE TABLE tours."TourEquipment" (
    "TourId" bigint NOT NULL,
    "EquipmentId" bigint NOT NULL
);


ALTER TABLE tours."TourEquipment" OWNER TO postgres;

--
-- TOC entry 275 (class 1259 OID 238671)
-- Name: TourExecution; Type: TABLE; Schema: tours; Owner: postgres
--

CREATE TABLE tours."TourExecution" (
    "Id" bigint NOT NULL,
    "TouristId" bigint NOT NULL,
    "TourId" bigint NOT NULL,
    "Start" timestamp with time zone NOT NULL,
    "LastActivity" timestamp with time zone NOT NULL,
    "ExecutionStatus" integer NOT NULL
);


ALTER TABLE tours."TourExecution" OWNER TO postgres;

--
-- TOC entry 274 (class 1259 OID 238670)
-- Name: TourExecution_Id_seq; Type: SEQUENCE; Schema: tours; Owner: postgres
--

ALTER TABLE tours."TourExecution" ALTER COLUMN "Id" ADD GENERATED BY DEFAULT AS IDENTITY (
    SEQUENCE NAME tours."TourExecution_Id_seq"
    START WITH 1
    INCREMENT BY 1
    NO MINVALUE
    NO MAXVALUE
    CACHE 1
);


--
-- TOC entry 264 (class 1259 OID 238601)
-- Name: TourPreference; Type: TABLE; Schema: tours; Owner: postgres
--

CREATE TABLE tours."TourPreference" (
    "Id" bigint NOT NULL,
    "CreatorId" integer NOT NULL,
    "Difficulty" integer,
    "Walk" integer NOT NULL,
    "Bike" integer NOT NULL,
    "Car" integer NOT NULL,
    "Boat" integer NOT NULL,
    "Tags" text[]
);


ALTER TABLE tours."TourPreference" OWNER TO postgres;

--
-- TOC entry 263 (class 1259 OID 238600)
-- Name: TourPreference_Id_seq; Type: SEQUENCE; Schema: tours; Owner: postgres
--

ALTER TABLE tours."TourPreference" ALTER COLUMN "Id" ADD GENERATED BY DEFAULT AS IDENTITY (
    SEQUENCE NAME tours."TourPreference_Id_seq"
    START WITH 1
    INCREMENT BY 1
    NO MINVALUE
    NO MAXVALUE
    CACHE 1
);


--
-- TOC entry 277 (class 1259 OID 238682)
-- Name: TourRating; Type: TABLE; Schema: tours; Owner: postgres
--

CREATE TABLE tours."TourRating" (
    "Id" bigint NOT NULL,
    "Rating" integer NOT NULL,
    "Comment" text,
    "TouristId" integer NOT NULL,
    "TourId" bigint NOT NULL,
    "TourDate" timestamp with time zone NOT NULL,
    "CreationDate" timestamp with time zone NOT NULL,
    "ImageNames" text[]
);


ALTER TABLE tours."TourRating" OWNER TO postgres;

--
-- TOC entry 276 (class 1259 OID 238681)
-- Name: TourRating_Id_seq; Type: SEQUENCE; Schema: tours; Owner: postgres
--

ALTER TABLE tours."TourRating" ALTER COLUMN "Id" ADD GENERATED BY DEFAULT AS IDENTITY (
    SEQUENCE NAME tours."TourRating_Id_seq"
    START WITH 1
    INCREMENT BY 1
    NO MINVALUE
    NO MAXVALUE
    CACHE 1
);


--
-- TOC entry 278 (class 1259 OID 238694)
-- Name: TourTourBundles; Type: TABLE; Schema: tours; Owner: postgres
--

CREATE TABLE tours."TourTourBundles" (
    "TourBundleId" bigint NOT NULL,
    "TourId" bigint NOT NULL
);


ALTER TABLE tours."TourTourBundles" OWNER TO postgres;

--
-- TOC entry 262 (class 1259 OID 238595)
-- Name: TouristPosition; Type: TABLE; Schema: tours; Owner: postgres
--

CREATE TABLE tours."TouristPosition" (
    "Id" bigint NOT NULL,
    "CreatorId" integer NOT NULL,
    "Longitude" real,
    "Latitude" real
);


ALTER TABLE tours."TouristPosition" OWNER TO postgres;

--
-- TOC entry 261 (class 1259 OID 238594)
-- Name: TouristPosition_Id_seq; Type: SEQUENCE; Schema: tours; Owner: postgres
--

ALTER TABLE tours."TouristPosition" ALTER COLUMN "Id" ADD GENERATED BY DEFAULT AS IDENTITY (
    SEQUENCE NAME tours."TouristPosition_Id_seq"
    START WITH 1
    INCREMENT BY 1
    NO MINVALUE
    NO MAXVALUE
    CACHE 1
);


--
-- TOC entry 266 (class 1259 OID 238609)
-- Name: Tours; Type: TABLE; Schema: tours; Owner: postgres
--

CREATE TABLE tours."Tours" (
    "Id" bigint NOT NULL,
    "AuthorId" integer NOT NULL,
    "Name" text NOT NULL,
    "Description" text,
    "DemandignessLevel" integer,
    "Status" integer NOT NULL,
    "Price" double precision NOT NULL,
    "Tags" text[],
    "PublishedTours" jsonb,
    "ArchivedTours" jsonb,
    "TourTimes" jsonb,
    "Closed" boolean NOT NULL
);


ALTER TABLE tours."Tours" OWNER TO postgres;

--
-- TOC entry 265 (class 1259 OID 238608)
-- Name: Tours_Id_seq; Type: SEQUENCE; Schema: tours; Owner: postgres
--

ALTER TABLE tours."Tours" ALTER COLUMN "Id" ADD GENERATED BY DEFAULT AS IDENTITY (
    SEQUENCE NAME tours."Tours_Id_seq"
    START WITH 1
    INCREMENT BY 1
    NO MINVALUE
    NO MAXVALUE
    CACHE 1
);


--
-- TOC entry 248 (class 1259 OID 238541)
-- Name: __EFMigrationsHistory; Type: TABLE; Schema: tours; Owner: postgres
--

CREATE TABLE tours."__EFMigrationsHistory" (
    "MigrationId" character varying(150) NOT NULL,
    "ProductVersion" character varying(32) NOT NULL
);


ALTER TABLE tours."__EFMigrationsHistory" OWNER TO postgres;

--
-- TOC entry 5280 (class 0 OID 238734)
-- Dependencies: 283
-- Data for Name: BlogPosts; Type: TABLE DATA; Schema: blog; Owner: postgres
--

INSERT INTO blog."BlogPosts" ("Id", "UserId", "Title", "Description", "CreationDate", "ImageNames", "Status", "Ratings", "Comments") VALUES (-1, -11, 'Exploring the Magic of Paris: A Guided Tour', 'Embark on a virtual journey through the enchanting streets of Paris with our latest blog post. Join us as we unveil the beauty and cultural richness of the City of Light. From iconic landmarks to hidden gems, this blog provides a detailed narrative of our Parisian adventure. Immerse yourself in the allure of Paris, accompanied by engaging comments that capture the essence of each moment. Bon voyage!', '2023-10-02 12:30:00+02', NULL, 1, NULL, '[{"Text": "What a captivating journey through the streets of Paris! Your vivid descriptions and attention to detail transported me straight to the City of Light. Im already daydreaming about strolling along the Seine and indulging in some delicious croissants. Merci for sharing this delightful experience!", "UserId": -15, "CreationTime": "2023-02-17T06:30:00"}, {"Text": "Paris has always been on my bucket list, and your blog post just fueled my wanderlust even more! The way you described the hidden gems and cultural richness has me rethinking my travel plans. Cant wait to experience the magic of Paris for myself. Any tips for first-time visitors?", "UserId": -12, "CreationTime": "2023-02-18T07:30:00"}]');
INSERT INTO blog."BlogPosts" ("Id", "UserId", "Title", "Description", "CreationDate", "ImageNames", "Status", "Ratings", "Comments") VALUES (-2, -12, 'Adventures in Rome: Unveiling the Eternal City', 'Discover the eternal charm of Rome as we navigate through its historic streets and cultural wonders. This blog post takes you on a captivating journey, exploring iconic landmarks and savoring the essence of Italian history and cuisine. Join the conversation with insightful comments that add a personal touch to our Roman escapade.', '2023-10-02 12:30:00+02', NULL, 1, NULL, '[{"Text": "Your journey through Rome has reignited my passion for history! The way you described the iconic landmarks and immersed us in Italian culture was truly captivating. Im now inspired to plan my own Roman adventure. Any must-visit historical sites youd recommend for history enthusiasts like me?", "UserId": -14, "CreationTime": "2023-02-17T06:30:00"}, {"Text": "Ah, the allure of Italian cuisine! Your blog post had my mouth watering. Im considering Rome for my next food-focused trip. Did you stumble upon any hidden gem restaurants or local food markets during your exploration? Id love to hear about your culinary discoveries.", "UserId": -23, "CreationTime": "2023-02-18T07:30:00"}]');
INSERT INTO blog."BlogPosts" ("Id", "UserId", "Title", "Description", "CreationDate", "ImageNames", "Status", "Ratings", "Comments") VALUES (-3, -21, 'Island Paradise: A Tropical Getaway in Bali', 'Escape to the tropical paradise of Bali through our latest travel blog. Immerse yourself in the lush landscapes, vibrant culture, and crystal-clear waters that define this Indonesian gem. Our narrative is complemented by engaging comments, sharing firsthand experiences and travel tips for your own Bali adventure.', '2023-10-02 12:30:00+02', NULL, 0, NULL, NULL);
INSERT INTO blog."BlogPosts" ("Id", "UserId", "Title", "Description", "CreationDate", "ImageNames", "Status", "Ratings", "Comments") VALUES (-4, -16, 'Tokyo Tales: A Modern Odyssey in Japans Capital', 'Step into the futuristic embrace of Tokyo with our immersive travel blog. From bustling cityscapes to serene temples, this post paints a vivid picture of Japans capital. Engage with fellow travelers through comments that share unique perspectives, insider tips, and the cultural richness found in every corner of Tokyo.', '2023-10-02 12:30:00+02', NULL, 0, NULL, NULL);
INSERT INTO blog."BlogPosts" ("Id", "UserId", "Title", "Description", "CreationDate", "ImageNames", "Status", "Ratings", "Comments") VALUES (-5, -24, 'Safari Dreams: Exploring the Wild Beauty of Serengeti', 'Embark on a virtual safari through the untamed landscapes of the Serengeti. Witness the majesty of wildlife, from roaming herds to awe-inspiring predators. This blog post offers a glimpse into the heart of Africa, accompanied by comments that capture the thrill and wonder of the safari experience.', '2023-10-02 12:30:00+02', NULL, 0, NULL, NULL);
INSERT INTO blog."BlogPosts" ("Id", "UserId", "Title", "Description", "CreationDate", "ImageNames", "Status", "Ratings", "Comments") VALUES (-6, -24, 'Mystical Marrakech: A Journey Through the Souks', 'Experience the magic of Marrakech as we wander through its enchanting souks and historic streets. This blog post captures the colors, aromas, and traditions that define this Moroccan gem. Join the conversation with comments that reflect the diverse impressions and discoveries made during our exploration of Marrakech.', '2023-10-02 12:30:00+02', NULL, 1, NULL, '[{"Text": "Marrakech sounds like a dream destination! Your vivid descriptions of the souks and streets have me mentally planning my own adventure. Did you have a favorite souk or a memorable encounter with locals? Im eager to hear more about the cultural connections you made.", "UserId": -19, "CreationTime": "2023-02-17T06:30:00"}, {"Text": "Your journey through Marrakech is a cultural feast! The way you described the colors and traditions transported me. Im planning a trip myself, and your insights are invaluable. Any tips for navigating the souks or must-try local dishes that you discovered during your exploration?", "UserId": -21, "CreationTime": "2023-02-18T07:30:00"}]');
INSERT INTO blog."BlogPosts" ("Id", "UserId", "Title", "Description", "CreationDate", "ImageNames", "Status", "Ratings", "Comments") VALUES (-7, -15, 'Alpine Escapade: Skiing the Slopes of the Swiss Alps', 'Hit the slopes with us as we traverse the snowy peaks of the Swiss Alps. This travel blog details the adrenaline-pumping adventure of skiing in one of the world s most picturesque settings. Engage with fellow snow enthusiasts through comments that share stories of daring descents and cozy mountain retreats.', '2023-10-02 12:30:00+02', NULL, 2, NULL, NULL);
INSERT INTO blog."BlogPosts" ("Id", "UserId", "Title", "Description", "CreationDate", "ImageNames", "Status", "Ratings", "Comments") VALUES (-8, -17, 'Greek Isles Odyssey: Sailing through Aegean Splendor', 'Sail away to the Greek Isles in this nautical adventure, exploring the turquoise waters and charming villages that dot the Aegean Sea. Our travel blog invites you to join the voyage, accompanied by comments that capture the unique experiences of island hopping, savoring local delicacies, and embracing the hospitality of the Greek Isles.', '2023-10-02 12:30:00+02', NULL, 1, NULL, '[{"Text": "Sailing through the Greek Isles is the ultimate fantasy! Your blog post has me daydreaming about crystal-clear waters and charming villages. Did you have a favorite island or a particular sailing route that you found especially enchanting? Im considering a similar adventure and would love some recommendations.", "UserId": -27, "CreationTime": "2023-02-17T06:30:00"}, {"Text": "The Greek Isles offer a unique blend of history and beauty. Your blog post captured the essence of island hopping perfectly. As a fellow sailing enthusiast, Im curious about your favorite sailing moments. Any picturesque anchorages or unexpected discoveries along the way?", "UserId": -28, "CreationTime": "2023-02-18T07:30:00"}]');
INSERT INTO blog."BlogPosts" ("Id", "UserId", "Title", "Description", "CreationDate", "ImageNames", "Status", "Ratings", "Comments") VALUES (1, 1, 'Exploring the Magic of Paris: A Guided Tour', 'Embark on a virtual journey through the enchanting streets of Paris with our latest blog post. Join us as we unveil the beauty and cultural richness of the City of Light. From iconic landmarks to hidden gems, this blog provides a detailed narrative of our Parisian adventure. Immerse yourself in the allure of Paris, accompanied by engaging comments that capture the essence of each moment. Bon voyage!', '2023-10-02 12:30:00+02', NULL, 1, NULL, '[{"Text": "What a captivating journey through the streets of Paris! Your vivid descriptions and attention to detail transported me straight to the City of Light. Im already daydreaming about strolling along the Seine and indulging in some delicious croissants. Merci for sharing this delightful experience!", "UserId": 1, "CreationTime": "2023-02-17T06:30:00"}, {"Text": "Paris has always been on my bucket list, and your blog post just fueled my wanderlust even more! The way you described the hidden gems and cultural richness has me rethinking my travel plans. Cant wait to experience the magic of Paris for myself. Any tips for first-time visitors?", "UserId": 2, "CreationTime": "2023-02-18T07:30:00"}]');
INSERT INTO blog."BlogPosts" ("Id", "UserId", "Title", "Description", "CreationDate", "ImageNames", "Status", "Ratings", "Comments") VALUES (2, 2, 'Adventures in Rome: Unveiling the Eternal City', 'Discover the eternal charm of Rome as we navigate through its historic streets and cultural wonders. This blog post takes you on a captivating journey, exploring iconic landmarks and savoring the essence of Italian history and cuisine. Join the conversation with insightful comments that add a personal touch to our Roman escapade.', '2023-10-02 12:30:00+02', NULL, 1, NULL, '[{"Text": "Your journey through Rome has reignited my passion for history! The way you described the iconic landmarks and immersed us in Italian culture was truly captivating. Im now inspired to plan my own Roman adventure. Any must-visit historical sites youd recommend for history enthusiasts like me?", "UserId": 1, "CreationTime": "2023-02-17T06:30:00"}, {"Text": "Ah, the allure of Italian cuisine! Your blog post had my mouth watering. Im considering Rome for my next food-focused trip. Did you stumble upon any hidden gem restaurants or local food markets during your exploration? Id love to hear about your culinary discoveries.", "UserId": 3, "CreationTime": "2023-02-18T07:30:00"}]');
INSERT INTO blog."BlogPosts" ("Id", "UserId", "Title", "Description", "CreationDate", "ImageNames", "Status", "Ratings", "Comments") VALUES (3, 3, 'Island Paradise: A Tropical Getaway in Bali', 'Escape to the tropical paradise of Bali through our latest travel blog. Immerse yourself in the lush landscapes, vibrant culture, and crystal-clear waters that define this Indonesian gem. Our narrative is complemented by engaging comments, sharing firsthand experiences and travel tips for your own Bali adventure.', '2023-10-02 12:30:00+02', NULL, 0, NULL, NULL);
INSERT INTO blog."BlogPosts" ("Id", "UserId", "Title", "Description", "CreationDate", "ImageNames", "Status", "Ratings", "Comments") VALUES (4, 3, 'Tokyo Tales: A Modern Odyssey in Japans Capital', 'Step into the futuristic embrace of Tokyo with our immersive travel blog. From bustling cityscapes to serene temples, this post paints a vivid picture of Japans capital. Engage with fellow travelers through comments that share unique perspectives, insider tips, and the cultural richness found in every corner of Tokyo.', '2023-10-02 12:30:00+02', NULL, 0, NULL, NULL);
INSERT INTO blog."BlogPosts" ("Id", "UserId", "Title", "Description", "CreationDate", "ImageNames", "Status", "Ratings", "Comments") VALUES (5, 4, 'Safari Dreams: Exploring the Wild Beauty of Serengeti', 'Embark on a virtual safari through the untamed landscapes of the Serengeti. Witness the majesty of wildlife, from roaming herds to awe-inspiring predators. This blog post offers a glimpse into the heart of Africa, accompanied by comments that capture the thrill and wonder of the safari experience.', '2023-10-02 12:30:00+02', NULL, 0, NULL, NULL);
INSERT INTO blog."BlogPosts" ("Id", "UserId", "Title", "Description", "CreationDate", "ImageNames", "Status", "Ratings", "Comments") VALUES (6, 4, 'Mystical Marrakech: A Journey Through the Souks', 'Experience the magic of Marrakech as we wander through its enchanting souks and historic streets. This blog post captures the colors, aromas, and traditions that define this Moroccan gem. Join the conversation with comments that reflect the diverse impressions and discoveries made during our exploration of Marrakech.', '2023-10-02 12:30:00+02', NULL, 1, NULL, '[{"Text": "Marrakech sounds like a dream destination! Your vivid descriptions of the souks and streets have me mentally planning my own adventure. Did you have a favorite souk or a memorable encounter with locals? Im eager to hear more about the cultural connections you made.", "UserId": 1, "CreationTime": "2023-02-17T06:30:00"}, {"Text": "Your journey through Marrakech is a cultural feast! The way you described the colors and traditions transported me. Im planning a trip myself, and your insights are invaluable. Any tips for navigating the souks or must-try local dishes that you discovered during your exploration?", "UserId": 3, "CreationTime": "2023-02-18T07:30:00"}]');
INSERT INTO blog."BlogPosts" ("Id", "UserId", "Title", "Description", "CreationDate", "ImageNames", "Status", "Ratings", "Comments") VALUES (7, 5, 'Alpine Escapade: Skiing the Slopes of the Swiss Alps', 'Hit the slopes with us as we traverse the snowy peaks of the Swiss Alps. This travel blog details the adrenaline-pumping adventure of skiing in one of the world s most picturesque settings. Engage with fellow snow enthusiasts through comments that share stories of daring descents and cozy mountain retreats.', '2023-10-02 12:30:00+02', NULL, 2, NULL, NULL);
INSERT INTO blog."BlogPosts" ("Id", "UserId", "Title", "Description", "CreationDate", "ImageNames", "Status", "Ratings", "Comments") VALUES (8, 5, 'Greek Isles Odyssey: Sailing through Aegean Splendor', 'Sail away to the Greek Isles in this nautical adventure, exploring the turquoise waters and charming villages that dot the Aegean Sea. Our travel blog invites you to join the voyage, accompanied by comments that capture the unique experiences of island hopping, savoring local delicacies, and embracing the hospitality of the Greek Isles.', '2023-10-02 12:30:00+02', NULL, 1, NULL, '[{"Text": "Sailing through the Greek Isles is the ultimate fantasy! Your blog post has me daydreaming about crystal-clear waters and charming villages. Did you have a favorite island or a particular sailing route that you found especially enchanting? Im considering a similar adventure and would love some recommendations.", "UserId": 1, "CreationTime": "2023-02-17T06:30:00"}, {"Text": "The Greek Isles offer a unique blend of history and beauty. Your blog post captured the essence of island hopping perfectly. As a fellow sailing enthusiast, Im curious about your favorite sailing moments. Any picturesque anchorages or unexpected discoveries along the way?", "UserId": 3, "CreationTime": "2023-02-18T07:30:00"}]');


--
-- TOC entry 5278 (class 0 OID 238728)
-- Dependencies: 281
-- Data for Name: __EFMigrationsHistory; Type: TABLE DATA; Schema: blog; Owner: postgres
--

INSERT INTO blog."__EFMigrationsHistory" ("MigrationId", "ProductVersion") VALUES ('20231224175522_Init', '7.0.12');


--
-- TOC entry 5283 (class 0 OID 238806)
-- Dependencies: 286
-- Data for Name: Encounter; Type: TABLE DATA; Schema: encounters; Owner: postgres
--



--
-- TOC entry 5287 (class 0 OID 238820)
-- Dependencies: 290
-- Data for Name: EncounterExecution; Type: TABLE DATA; Schema: encounters; Owner: postgres
--



--
-- TOC entry 5285 (class 0 OID 238814)
-- Dependencies: 288
-- Data for Name: EncounterRequests; Type: TABLE DATA; Schema: encounters; Owner: postgres
--



--
-- TOC entry 5288 (class 0 OID 238830)
-- Dependencies: 291
-- Data for Name: HiddenLocationEncounter; Type: TABLE DATA; Schema: encounters; Owner: postgres
--



--
-- TOC entry 5289 (class 0 OID 238842)
-- Dependencies: 292
-- Data for Name: SocialEncounter; Type: TABLE DATA; Schema: encounters; Owner: postgres
--



--
-- TOC entry 5281 (class 0 OID 238800)
-- Dependencies: 284
-- Data for Name: __EFMigrationsHistory; Type: TABLE DATA; Schema: encounters; Owner: postgres
--

INSERT INTO encounters."__EFMigrationsHistory" ("MigrationId", "ProductVersion") VALUES ('20231224175557_Init', '7.0.12');


--
-- TOC entry 5292 (class 0 OID 246562)
-- Dependencies: 295
-- Data for Name: Coupons; Type: TABLE DATA; Schema: payments; Owner: postgres
--



--
-- TOC entry 5294 (class 0 OID 246570)
-- Dependencies: 297
-- Data for Name: Items; Type: TABLE DATA; Schema: payments; Owner: postgres
--

INSERT INTO payments."Items" ("Id", "SellerId", "ItemId", "Name", "Price", "Type", "BundleItemIds") VALUES (1, 1, 1, 'Tura 1', 100, 0, NULL);


--
-- TOC entry 5296 (class 0 OID 246578)
-- Dependencies: 299
-- Data for Name: PaymentRecords; Type: TABLE DATA; Schema: payments; Owner: postgres
--

INSERT INTO payments."PaymentRecords" ("Id", "UserId", "ItemId", "Price", "Timestamp") VALUES (1, 8, 1, 10, '1999-01-08 00:00:00+01');


--
-- TOC entry 5298 (class 0 OID 246584)
-- Dependencies: 301
-- Data for Name: PurchaseTokens; Type: TABLE DATA; Schema: payments; Owner: postgres
--

INSERT INTO payments."PurchaseTokens" ("Id", "UserId", "TourId") VALUES (1, 8, 1);


--
-- TOC entry 5300 (class 0 OID 246590)
-- Dependencies: 303
-- Data for Name: Sales; Type: TABLE DATA; Schema: payments; Owner: postgres
--



--
-- TOC entry 5302 (class 0 OID 246598)
-- Dependencies: 305
-- Data for Name: ShoppingCarts; Type: TABLE DATA; Schema: payments; Owner: postgres
--



--
-- TOC entry 5304 (class 0 OID 246606)
-- Dependencies: 307
-- Data for Name: TouristWallets; Type: TABLE DATA; Schema: payments; Owner: postgres
--



--
-- TOC entry 5290 (class 0 OID 246556)
-- Dependencies: 293
-- Data for Name: __EFMigrationsHistory; Type: TABLE DATA; Schema: payments; Owner: postgres
--

INSERT INTO payments."__EFMigrationsHistory" ("MigrationId", "ProductVersion") VALUES ('20231227215411_Init', '7.0.12');


--
-- TOC entry 5218 (class 0 OID 238375)
-- Dependencies: 221
-- Data for Name: ApplicationGrades; Type: TABLE DATA; Schema: stakeholders; Owner: postgres
--

INSERT INTO stakeholders."ApplicationGrades" ("Id", "Rating", "Comment", "Created", "UserId") VALUES (-3, 5, 'Great experience!', '2023-10-22 12:00:00+02', -13);
INSERT INTO stakeholders."ApplicationGrades" ("Id", "Rating", "Comment", "Created", "UserId") VALUES (-4, 2, 'Could be better', '2023-10-22 12:00:00+02', -14);
INSERT INTO stakeholders."ApplicationGrades" ("Id", "Rating", "Comment", "Created", "UserId") VALUES (-5, 4, 'Enjoyed the tour', '2023-10-22 12:00:00+02', -15);
INSERT INTO stakeholders."ApplicationGrades" ("Id", "Rating", "Comment", "Created", "UserId") VALUES (-6, 3, 'Average experience', '2023-10-22 12:00:00+02', -16);
INSERT INTO stakeholders."ApplicationGrades" ("Id", "Rating", "Comment", "Created", "UserId") VALUES (-7, 5, 'Highly recommended', '2023-10-22 12:00:00+02', -17);
INSERT INTO stakeholders."ApplicationGrades" ("Id", "Rating", "Comment", "Created", "UserId") VALUES (-8, 1, 'Not satisfied', '2023-10-22 12:00:00+02', -18);
INSERT INTO stakeholders."ApplicationGrades" ("Id", "Rating", "Comment", "Created", "UserId") VALUES (-9, 4, 'Well organized', '2023-10-22 12:00:00+02', -19);
INSERT INTO stakeholders."ApplicationGrades" ("Id", "Rating", "Comment", "Created", "UserId") VALUES (-10, 3, 'Decent tour', '2023-10-22 12:00:00+02', -20);
INSERT INTO stakeholders."ApplicationGrades" ("Id", "Rating", "Comment", "Created", "UserId") VALUES (-11, 5, 'Amazing experience!', '2023-10-22 12:00:00+02', -21);
INSERT INTO stakeholders."ApplicationGrades" ("Id", "Rating", "Comment", "Created", "UserId") VALUES (-12, 2, 'Needs improvement', '2023-10-22 12:00:00+02', -22);
INSERT INTO stakeholders."ApplicationGrades" ("Id", "Rating", "Comment", "Created", "UserId") VALUES (1, 3, 'Nothing special', '2023-10-22 12:00:00+02', 3);
INSERT INTO stakeholders."ApplicationGrades" ("Id", "Rating", "Comment", "Created", "UserId") VALUES (2, 4, 'Nothing special', '2023-10-22 12:00:00+02', 5);
INSERT INTO stakeholders."ApplicationGrades" ("Id", "Rating", "Comment", "Created", "UserId") VALUES (3, 2, 'aaa', '2023-12-28 13:09:50.658328+01', 7);


--
-- TOC entry 5220 (class 0 OID 238383)
-- Dependencies: 223
-- Data for Name: CheckpointRequests; Type: TABLE DATA; Schema: stakeholders; Owner: postgres
--

INSERT INTO stakeholders."CheckpointRequests" ("Id", "CheckpointId", "AuthorId", "Status") VALUES (1, 14, 1, 0);
INSERT INTO stakeholders."CheckpointRequests" ("Id", "CheckpointId", "AuthorId", "Status") VALUES (2, 18, 1, 0);
INSERT INTO stakeholders."CheckpointRequests" ("Id", "CheckpointId", "AuthorId", "Status") VALUES (3, 19, 1, 0);


--
-- TOC entry 5222 (class 0 OID 238389)
-- Dependencies: 225
-- Data for Name: ClubInvitations; Type: TABLE DATA; Schema: stakeholders; Owner: postgres
--

INSERT INTO stakeholders."ClubInvitations" ("Id", "OwnerId", "MemberId", "ClubId", "Status") VALUES (-1, -13, -24, -1, 'status1');
INSERT INTO stakeholders."ClubInvitations" ("Id", "OwnerId", "MemberId", "ClubId", "Status") VALUES (-2, -14, -25, -3, 'status1');
INSERT INTO stakeholders."ClubInvitations" ("Id", "OwnerId", "MemberId", "ClubId", "Status") VALUES (-3, -16, -17, -5, 'status1');
INSERT INTO stakeholders."ClubInvitations" ("Id", "OwnerId", "MemberId", "ClubId", "Status") VALUES (1, 3, 4, 1, 'status1');
INSERT INTO stakeholders."ClubInvitations" ("Id", "OwnerId", "MemberId", "ClubId", "Status") VALUES (2, 4, 5, 3, 'status1');
INSERT INTO stakeholders."ClubInvitations" ("Id", "OwnerId", "MemberId", "ClubId", "Status") VALUES (3, 4, 5, 5, 'status1');


--
-- TOC entry 5235 (class 0 OID 238442)
-- Dependencies: 238
-- Data for Name: ClubUser; Type: TABLE DATA; Schema: stakeholders; Owner: postgres
--



--
-- TOC entry 5224 (class 0 OID 238397)
-- Dependencies: 227
-- Data for Name: Clubs; Type: TABLE DATA; Schema: stakeholders; Owner: postgres
--

INSERT INTO stakeholders."Clubs" ("Id", "Name", "Description", "Image", "TouristId") VALUES (-1, 'Hiking club', 'opis', 'club1.jpg', -13);
INSERT INTO stakeholders."Clubs" ("Id", "Name", "Description", "Image", "TouristId") VALUES (-2, 'Museums club', 'opis', 'club2.jpg', -13);
INSERT INTO stakeholders."Clubs" ("Id", "Name", "Description", "Image", "TouristId") VALUES (-3, 'Sailing club', 'opis', 'club3.jpg', -14);
INSERT INTO stakeholders."Clubs" ("Id", "Name", "Description", "Image", "TouristId") VALUES (-4, 'Cooking club', 'opis', 'club4.jpg', -15);
INSERT INTO stakeholders."Clubs" ("Id", "Name", "Description", "Image", "TouristId") VALUES (-5, 'Wine and dine club', 'opis', 'club5.jpg', -16);
INSERT INTO stakeholders."Clubs" ("Id", "Name", "Description", "Image", "TouristId") VALUES (1, 'Hiking club', 'opis', 'https://i0.wp.com/images-prod.healthline.com/hlcmsresource/images/topic_centers/2019-8/couple-hiking-mountain-climbing-1296x728-header.jpg?w=1155&h=1528', 3);
INSERT INTO stakeholders."Clubs" ("Id", "Name", "Description", "Image", "TouristId") VALUES (2, 'Museums club', 'opis', 'https://assets.website-files.com/62aba60b94cb7948698926f0/63855c0207f623d7dca6f556_120222.1.jpg', 3);
INSERT INTO stakeholders."Clubs" ("Id", "Name", "Description", "Image", "TouristId") VALUES (3, 'Sailing club', 'opis', 'https://olympic.ca/wp-content/uploads/2011/08/CP127536519.jpg?quality=100&w=1131', 4);
INSERT INTO stakeholders."Clubs" ("Id", "Name", "Description", "Image", "TouristId") VALUES (4, 'Cooking club', 'opis', 'https://www.mdanderson.org/images/publications/focused-on-health/2019/web_healthy_cooking_1376x774.png.resize.702.404.jpg', 5);
INSERT INTO stakeholders."Clubs" ("Id", "Name", "Description", "Image", "TouristId") VALUES (5, 'Wine and dine club', 'opis', 'https://www.handpickedhotels.co.uk/images/hotels/wood-hall/medium/Sim%20Canetty-Clarke_Feb/HPHWoodHallFeb2022070.jpg', 4);


--
-- TOC entry 5226 (class 0 OID 238405)
-- Dependencies: 229
-- Data for Name: Messages; Type: TABLE DATA; Schema: stakeholders; Owner: postgres
--

INSERT INTO stakeholders."Messages" ("Id", "SenderId", "RecipientId", "SenderUsername", "Title", "SentDateTime", "ReadDateTime", "Content", "IsRead") VALUES (-1, -1, -4, 'author1', 'Naslov poruke1', '2023-10-24 12:00:00+02', NULL, 'Poruka 1', false);
INSERT INTO stakeholders."Messages" ("Id", "SenderId", "RecipientId", "SenderUsername", "Title", "SentDateTime", "ReadDateTime", "Content", "IsRead") VALUES (-2, -4, -1, 'tourist2', 'Naslov poruke2', '2023-11-12 12:00:00+01', '2023-11-13 12:00:00+01', 'Odgovor', false);
INSERT INTO stakeholders."Messages" ("Id", "SenderId", "RecipientId", "SenderUsername", "Title", "SentDateTime", "ReadDateTime", "Content", "IsRead") VALUES (-3, -2, -3, 'author2', 'Naslov2', '2023-11-12 12:00:00+01', '2023-11-13 12:00:00+01', 'Pozdrav2', true);
INSERT INTO stakeholders."Messages" ("Id", "SenderId", "RecipientId", "SenderUsername", "Title", "SentDateTime", "ReadDateTime", "Content", "IsRead") VALUES (-4, -2, -1, 'author2', 'Naslov2', '2023-11-12 12:00:00+01', '2023-11-13 12:00:00+01', 'Pozdrav2', false);
INSERT INTO stakeholders."Messages" ("Id", "SenderId", "RecipientId", "SenderUsername", "Title", "SentDateTime", "ReadDateTime", "Content", "IsRead") VALUES (1, 1, 4, 'author1@gmail.com', 'Naslov poruke1', '2023-10-24 12:00:00+02', NULL, 'Poruka 1', false);
INSERT INTO stakeholders."Messages" ("Id", "SenderId", "RecipientId", "SenderUsername", "Title", "SentDateTime", "ReadDateTime", "Content", "IsRead") VALUES (2, 4, 1, 'tourist2@gmail.com', 'Naslov poruke2', '2023-11-12 12:00:00+01', '2023-11-13 12:00:00+01', 'Odgovor', false);
INSERT INTO stakeholders."Messages" ("Id", "SenderId", "RecipientId", "SenderUsername", "Title", "SentDateTime", "ReadDateTime", "Content", "IsRead") VALUES (3, 2, 3, 'author2@gmail.com', 'Naslov2', '2023-11-12 12:00:00+01', '2023-11-13 12:00:00+01', 'Pozdrav2', true);
INSERT INTO stakeholders."Messages" ("Id", "SenderId", "RecipientId", "SenderUsername", "Title", "SentDateTime", "ReadDateTime", "Content", "IsRead") VALUES (4, 2, 1, 'author2@gmail.com', 'Naslov2', '2023-11-12 12:00:00+01', '2023-11-13 12:00:00+01', 'Pozdrav2', false);


--
-- TOC entry 5237 (class 0 OID 238458)
-- Dependencies: 240
-- Data for Name: Notifications; Type: TABLE DATA; Schema: stakeholders; Owner: postgres
--

INSERT INTO stakeholders."Notifications" ("Id", "Description", "CreationTime", "IsRead", "UserId", "Type", "ForeignId") VALUES (1, 'Congratulations on your successful purchase! Here are the details of your purchase:
	- a: 20 AC

Total Amount Spent: 20 AC
You can view your newly purchased tours on your Purchased Tours page.
', '2023-12-26 20:13:00.378725+01', false, -11, 4, NULL);


--
-- TOC entry 5228 (class 0 OID 238413)
-- Dependencies: 231
-- Data for Name: ObjectRequests; Type: TABLE DATA; Schema: stakeholders; Owner: postgres
--

INSERT INTO stakeholders."ObjectRequests" ("Id", "MapObjectId", "AuthorId", "Status") VALUES (1, 2, 1, 0);
INSERT INTO stakeholders."ObjectRequests" ("Id", "MapObjectId", "AuthorId", "Status") VALUES (2, 2, 1, 0);


--
-- TOC entry 5239 (class 0 OID 238471)
-- Dependencies: 242
-- Data for Name: People; Type: TABLE DATA; Schema: stakeholders; Owner: postgres
--

INSERT INTO stakeholders."People" ("Id", "UserId", "Name", "Surname", "ProfilePictureUrl", "Biography", "Motto", "Email") VALUES (-1, -1, 'Administrator', 'Admin', '', 'Biography', 'Motto', 'admin@gmail.com');
INSERT INTO stakeholders."People" ("Id", "UserId", "Name", "Surname", "ProfilePictureUrl", "Biography", "Motto", "Email") VALUES (-2, -2, 'Petar', 'Petrovic', 'profile.jpg', 'Born in Serbia', 'Go hard or go home', 'petrovicp@gmail.com');
INSERT INTO stakeholders."People" ("Id", "UserId", "Name", "Surname", "ProfilePictureUrl", "Biography", "Motto", "Email") VALUES (-3, -3, 'Ranko', 'Rankovic', ' profile.jpg', 'Passionate traveler', 'Exploring the world', 'rankovicr@gmail.com');
INSERT INTO stakeholders."People" ("Id", "UserId", "Name", "Surname", "ProfilePictureUrl", "Biography", "Motto", "Email") VALUES (-4, -4, 'Jovan', 'orevi', 'profile.jpg', 'Passionate writer', 'Creating worlds with words', 'jovan.djordjevic@email.com');
INSERT INTO stakeholders."People" ("Id", "UserId", "Name", "Surname", "ProfilePictureUrl", "Biography", "Motto", "Email") VALUES (-5, -5, 'Ana', 'Stojanovi', 'profile.jpg', 'Nature enthusiast', 'Connecting with the outdoors', 'ana.stojanovic@email.com');
INSERT INTO stakeholders."People" ("Id", "UserId", "Name", "Surname", "ProfilePictureUrl", "Biography", "Motto", "Email") VALUES (-6, -6, 'Marko', 'Jovanovi', 'profile.jpg', 'Tech geek', 'Innovating for the future', 'marko.jovanovic@email.com');
INSERT INTO stakeholders."People" ("Id", "UserId", "Name", "Surname", "ProfilePictureUrl", "Biography", "Motto", "Email") VALUES (-7, -7, 'Eva', 'Ivanovi', 'profile.jpg', 'Art and music lover', 'Expressing through creativity', 'eva.ivanovic@email.com');
INSERT INTO stakeholders."People" ("Id", "UserId", "Name", "Surname", "ProfilePictureUrl", "Biography", "Motto", "Email") VALUES (-8, -8, 'Kristina', 'Mili', 'profile.jpg', 'Fitness freak', 'Pushing physical limits', 'kristina.milic@email.com');
INSERT INTO stakeholders."People" ("Id", "UserId", "Name", "Surname", "ProfilePictureUrl", "Biography", "Motto", "Email") VALUES (-9, -9, 'Luka', 'Braun', 'profile.jpg', 'Foodie and chef', 'Creating culinary delights', 'luka.braun@email.com');
INSERT INTO stakeholders."People" ("Id", "UserId", "Name", "Surname", "ProfilePictureUrl", "Biography", "Motto", "Email") VALUES (-10, -10, 'Tamara', 'Tadi', 'profile.jpg', 'Science enthusiast', 'Unraveling the mysteries', 'tamara.tadic@email.com');
INSERT INTO stakeholders."People" ("Id", "UserId", "Name", "Surname", "ProfilePictureUrl", "Biography", "Motto", "Email") VALUES (-11, -11, 'Marija', 'Maric', ' profile.jpg', 'Loves photography', 'Capturing moments', 'maricm@gmail.com');
INSERT INTO stakeholders."People" ("Id", "UserId", "Name", "Surname", "ProfilePictureUrl", "Biography", "Motto", "Email") VALUES (-12, -12, 'Tea', 'Teodosic', 'lara.jpg', 'Enthusiastic nature lover from Canada', 'Leave no trace', 'teodosict@gmail.com');
INSERT INTO stakeholders."People" ("Id", "UserId", "Name", "Surname", "ProfilePictureUrl", "Biography", "Motto", "Email") VALUES (-13, -13, 'Milivoje', 'Milic', 'lara.jpg', 'Tech-savvy explorer', 'Adventure awaits', 'milicm@gmail.com');
INSERT INTO stakeholders."People" ("Id", "UserId", "Name", "Surname", "ProfilePictureUrl", "Biography", "Motto", "Email") VALUES (-14, -14, 'Marko', 'Markovic', 'profile.jpg', 'Adventurous spirit', 'Chasing the thrill', 'markovicm@gmail.com');
INSERT INTO stakeholders."People" ("Id", "UserId", "Name", "Surname", "ProfilePictureUrl", "Biography", "Motto", "Email") VALUES (-15, -15, 'Jovana', 'Jovanovic', 'profile.jpg', 'Nature lover and explorer', 'Embracing the outdoors', 'jovanovicj@gmail.com');
INSERT INTO stakeholders."People" ("Id", "UserId", "Name", "Surname", "ProfilePictureUrl", "Biography", "Motto", "Email") VALUES (-16, -16, 'Nikola', 'Nikolic', 'profile.jpg', 'Tech enthusiast and gamer', 'Living in the virtual world', 'nikolicn@gmail.com');
INSERT INTO stakeholders."People" ("Id", "UserId", "Name", "Surname", "ProfilePictureUrl", "Biography", "Motto", "Email") VALUES (-17, -17, 'Tamara', 'Tomic', 'profile.jpg', 'Art and music aficionado', 'Harmony in creativity', 'tomict@gmail.com');
INSERT INTO stakeholders."People" ("Id", "UserId", "Name", "Surname", "ProfilePictureUrl", "Biography", "Motto", "Email") VALUES (-18, -18, 'Vuk', 'Vukovic', 'profile.jpg', 'Fitness and wellness advocate', 'Striving for a healthy life', 'vukovicv@gmail.com');
INSERT INTO stakeholders."People" ("Id", "UserId", "Name", "Surname", "ProfilePictureUrl", "Biography", "Motto", "Email") VALUES (-19, -19, 'Katarina', 'Katic', 'profile.jpg', 'Culinary explorer', 'Tasting the world', 'katick@gmail.com');
INSERT INTO stakeholders."People" ("Id", "UserId", "Name", "Surname", "ProfilePictureUrl", "Biography", "Motto", "Email") VALUES (-20, -20, 'Stefan', 'Stojanovic', 'profile.jpg', 'Science and technology geek', 'Unraveling mysteries', 'stojanovics@gmail.com');
INSERT INTO stakeholders."People" ("Id", "UserId", "Name", "Surname", "ProfilePictureUrl", "Biography", "Motto", "Email") VALUES (-21, -21, 'Ana', 'Antic', 'profile.jpg', 'Bookworm and history lover', 'Diving into the past', 'antica@gmail.com');
INSERT INTO stakeholders."People" ("Id", "UserId", "Name", "Surname", "ProfilePictureUrl", "Biography", "Motto", "Email") VALUES (-22, -22, 'Ivan', 'Ivanovic', 'profile.jpg', 'Adventurous soul', 'Exploring the unknown', 'ivanovici@gmail.com');
INSERT INTO stakeholders."People" ("Id", "UserId", "Name", "Surname", "ProfilePictureUrl", "Biography", "Motto", "Email") VALUES (-23, -23, 'Dunja', 'Dunjic', 'profile.jpg', 'Passionate about cultural diversity', 'Connecting through differences', 'dunjid@gmail.com');
INSERT INTO stakeholders."People" ("Id", "UserId", "Name", "Surname", "ProfilePictureUrl", "Biography", "Motto", "Email") VALUES (-24, -24, 'Lazar', 'Lazic', 'profile.jpg', 'Seeker of knowledge', 'Constantly learning', 'lazicl@gmail.com');
INSERT INTO stakeholders."People" ("Id", "UserId", "Name", "Surname", "ProfilePictureUrl", "Biography", "Motto", "Email") VALUES (-25, -25, 'Milica', 'Milicic', 'profile.jpg', 'Art enthusiast', 'Expressing through creativity', 'milicicm@gmail.com');
INSERT INTO stakeholders."People" ("Id", "UserId", "Name", "Surname", "ProfilePictureUrl", "Biography", "Motto", "Email") VALUES (-26, -26, 'Stefana', 'Stefanovic', 'profile.jpg', 'Explorer of the mind and body', 'Balancing life and self-discovery', 'stefanovics@gmail.com');
INSERT INTO stakeholders."People" ("Id", "UserId", "Name", "Surname", "ProfilePictureUrl", "Biography", "Motto", "Email") VALUES (-27, -27, 'Nemanja', 'Nemanjic', 'profile.jpg', 'Tech and innovation enthusiast', 'Building the future', 'nemanjicn@gmail.com');
INSERT INTO stakeholders."People" ("Id", "UserId", "Name", "Surname", "ProfilePictureUrl", "Biography", "Motto", "Email") VALUES (-28, -28, 'Ivana', 'Ivanovic', 'profile.jpg', 'Nature and adventure lover', 'Thriving in the great outdoors', 'ivanovici@gmail.com');
INSERT INTO stakeholders."People" ("Id", "UserId", "Name", "Surname", "ProfilePictureUrl", "Biography", "Motto", "Email") VALUES (-29, -29, 'Filip', 'Filipovic', 'profile.jpg', 'Culinary explorer', 'Savoring flavors from around the world', 'filipovicf@gmail.com');
INSERT INTO stakeholders."People" ("Id", "UserId", "Name", "Surname", "ProfilePictureUrl", "Biography", "Motto", "Email") VALUES (-30, -30, 'Katarina', 'Katarinic', 'profile.jpg', 'Passionate about cultural exchange', 'Connecting through shared experiences', 'katarinick@gmail.com');
INSERT INTO stakeholders."People" ("Id", "UserId", "Name", "Surname", "ProfilePictureUrl", "Biography", "Motto", "Email") VALUES (1, 1, 'Petar', 'Petrovic', '', 'Born in Serbia', 'Go hard or go home', 'petrovicp@gmail.com');
INSERT INTO stakeholders."People" ("Id", "UserId", "Name", "Surname", "ProfilePictureUrl", "Biography", "Motto", "Email") VALUES (2, 2, 'Ranko', 'Rankovic', '', 'Passionate traveler', 'Exploring the world', 'rankovicr@gmail.com');
INSERT INTO stakeholders."People" ("Id", "UserId", "Name", "Surname", "ProfilePictureUrl", "Biography", "Motto", "Email") VALUES (3, 3, 'Marija', 'Maric', '', 'Loves photography', 'Capturing moments', 'maricm@gmail.com');
INSERT INTO stakeholders."People" ("Id", "UserId", "Name", "Surname", "ProfilePictureUrl", "Biography", "Motto", "Email") VALUES (4, 4, 'Tea', 'Teodosic', '', 'Enthusiastic nature lover from Canada', 'Leave no trace', 'teodosict@gmail.com');
INSERT INTO stakeholders."People" ("Id", "UserId", "Name", "Surname", "ProfilePictureUrl", "Biography", "Motto", "Email") VALUES (5, 5, 'Milivoje', 'Milic', '', 'Tech-savvy explorer', 'Adventure awaits', 'milicm@gmail.com');


--
-- TOC entry 5230 (class 0 OID 238419)
-- Dependencies: 233
-- Data for Name: Requests; Type: TABLE DATA; Schema: stakeholders; Owner: postgres
--

INSERT INTO stakeholders."Requests" ("Id", "ClubId", "TouristId", "Status") VALUES (-1, -1, -14, 'Processing');
INSERT INTO stakeholders."Requests" ("Id", "ClubId", "TouristId", "Status") VALUES (-2, -2, -14, 'Processing');
INSERT INTO stakeholders."Requests" ("Id", "ClubId", "TouristId", "Status") VALUES (-3, -3, -15, 'Processing');
INSERT INTO stakeholders."Requests" ("Id", "ClubId", "TouristId", "Status") VALUES (1, 1, 4, 'Processing');
INSERT INTO stakeholders."Requests" ("Id", "ClubId", "TouristId", "Status") VALUES (2, 2, 4, 'Processing');
INSERT INTO stakeholders."Requests" ("Id", "ClubId", "TouristId", "Status") VALUES (3, 3, 5, 'Processing');


--
-- TOC entry 5241 (class 0 OID 238484)
-- Dependencies: 244
-- Data for Name: SocialProfiles; Type: TABLE DATA; Schema: stakeholders; Owner: postgres
--

INSERT INTO stakeholders."SocialProfiles" ("Id", "UserId") VALUES (-1, -1);
INSERT INTO stakeholders."SocialProfiles" ("Id", "UserId") VALUES (-2, -2);
INSERT INTO stakeholders."SocialProfiles" ("Id", "UserId") VALUES (-3, -3);
INSERT INTO stakeholders."SocialProfiles" ("Id", "UserId") VALUES (-4, -4);
INSERT INTO stakeholders."SocialProfiles" ("Id", "UserId") VALUES (-5, -5);
INSERT INTO stakeholders."SocialProfiles" ("Id", "UserId") VALUES (-6, -6);
INSERT INTO stakeholders."SocialProfiles" ("Id", "UserId") VALUES (-7, -7);
INSERT INTO stakeholders."SocialProfiles" ("Id", "UserId") VALUES (-8, -8);
INSERT INTO stakeholders."SocialProfiles" ("Id", "UserId") VALUES (-9, -9);
INSERT INTO stakeholders."SocialProfiles" ("Id", "UserId") VALUES (-10, -10);
INSERT INTO stakeholders."SocialProfiles" ("Id", "UserId") VALUES (-11, -11);
INSERT INTO stakeholders."SocialProfiles" ("Id", "UserId") VALUES (-12, -12);
INSERT INTO stakeholders."SocialProfiles" ("Id", "UserId") VALUES (-13, -13);
INSERT INTO stakeholders."SocialProfiles" ("Id", "UserId") VALUES (-14, -14);
INSERT INTO stakeholders."SocialProfiles" ("Id", "UserId") VALUES (-15, -15);
INSERT INTO stakeholders."SocialProfiles" ("Id", "UserId") VALUES (-16, -16);
INSERT INTO stakeholders."SocialProfiles" ("Id", "UserId") VALUES (-17, -17);
INSERT INTO stakeholders."SocialProfiles" ("Id", "UserId") VALUES (-18, -18);
INSERT INTO stakeholders."SocialProfiles" ("Id", "UserId") VALUES (-19, -19);
INSERT INTO stakeholders."SocialProfiles" ("Id", "UserId") VALUES (-20, -20);
INSERT INTO stakeholders."SocialProfiles" ("Id", "UserId") VALUES (-21, -21);
INSERT INTO stakeholders."SocialProfiles" ("Id", "UserId") VALUES (-22, -22);
INSERT INTO stakeholders."SocialProfiles" ("Id", "UserId") VALUES (-23, -23);
INSERT INTO stakeholders."SocialProfiles" ("Id", "UserId") VALUES (-24, -24);
INSERT INTO stakeholders."SocialProfiles" ("Id", "UserId") VALUES (-25, -25);
INSERT INTO stakeholders."SocialProfiles" ("Id", "UserId") VALUES (-26, -26);
INSERT INTO stakeholders."SocialProfiles" ("Id", "UserId") VALUES (-27, -27);
INSERT INTO stakeholders."SocialProfiles" ("Id", "UserId") VALUES (-28, -28);
INSERT INTO stakeholders."SocialProfiles" ("Id", "UserId") VALUES (-29, -29);
INSERT INTO stakeholders."SocialProfiles" ("Id", "UserId") VALUES (-30, -30);
INSERT INTO stakeholders."SocialProfiles" ("Id", "UserId") VALUES (1, 1);
INSERT INTO stakeholders."SocialProfiles" ("Id", "UserId") VALUES (2, 2);
INSERT INTO stakeholders."SocialProfiles" ("Id", "UserId") VALUES (3, 3);
INSERT INTO stakeholders."SocialProfiles" ("Id", "UserId") VALUES (4, 4);
INSERT INTO stakeholders."SocialProfiles" ("Id", "UserId") VALUES (5, 5);
INSERT INTO stakeholders."SocialProfiles" ("Id", "UserId") VALUES (7, 12);


--
-- TOC entry 5242 (class 0 OID 238494)
-- Dependencies: 245
-- Data for Name: Tourists; Type: TABLE DATA; Schema: stakeholders; Owner: postgres
--

INSERT INTO stakeholders."Tourists" ("Id", "Xp", "Level") VALUES (-11, 0, 1);
INSERT INTO stakeholders."Tourists" ("Id", "Xp", "Level") VALUES (-12, 0, 1);
INSERT INTO stakeholders."Tourists" ("Id", "Xp", "Level") VALUES (-13, 0, 1);
INSERT INTO stakeholders."Tourists" ("Id", "Xp", "Level") VALUES (-14, 0, 1);
INSERT INTO stakeholders."Tourists" ("Id", "Xp", "Level") VALUES (-15, 0, 1);
INSERT INTO stakeholders."Tourists" ("Id", "Xp", "Level") VALUES (-16, 0, 1);
INSERT INTO stakeholders."Tourists" ("Id", "Xp", "Level") VALUES (-17, 0, 1);
INSERT INTO stakeholders."Tourists" ("Id", "Xp", "Level") VALUES (-18, 0, 1);
INSERT INTO stakeholders."Tourists" ("Id", "Xp", "Level") VALUES (-19, 0, 1);
INSERT INTO stakeholders."Tourists" ("Id", "Xp", "Level") VALUES (-20, 0, 1);
INSERT INTO stakeholders."Tourists" ("Id", "Xp", "Level") VALUES (-21, 0, 1);
INSERT INTO stakeholders."Tourists" ("Id", "Xp", "Level") VALUES (-22, 0, 1);
INSERT INTO stakeholders."Tourists" ("Id", "Xp", "Level") VALUES (-23, 0, 1);
INSERT INTO stakeholders."Tourists" ("Id", "Xp", "Level") VALUES (-24, 0, 1);
INSERT INTO stakeholders."Tourists" ("Id", "Xp", "Level") VALUES (-25, 0, 1);
INSERT INTO stakeholders."Tourists" ("Id", "Xp", "Level") VALUES (-26, 0, 1);
INSERT INTO stakeholders."Tourists" ("Id", "Xp", "Level") VALUES (-27, 0, 1);
INSERT INTO stakeholders."Tourists" ("Id", "Xp", "Level") VALUES (-28, 0, 1);
INSERT INTO stakeholders."Tourists" ("Id", "Xp", "Level") VALUES (-29, 0, 1);
INSERT INTO stakeholders."Tourists" ("Id", "Xp", "Level") VALUES (-30, 0, 1);
INSERT INTO stakeholders."Tourists" ("Id", "Xp", "Level") VALUES (7, 0, 1);
INSERT INTO stakeholders."Tourists" ("Id", "Xp", "Level") VALUES (8, 0, 1);
INSERT INTO stakeholders."Tourists" ("Id", "Xp", "Level") VALUES (10, 0, 1);


--
-- TOC entry 5243 (class 0 OID 238504)
-- Dependencies: 246
-- Data for Name: UserClubs; Type: TABLE DATA; Schema: stakeholders; Owner: postgres
--



--
-- TOC entry 5244 (class 0 OID 238519)
-- Dependencies: 247
-- Data for Name: UserFollowers; Type: TABLE DATA; Schema: stakeholders; Owner: postgres
--

INSERT INTO stakeholders."UserFollowers" ("FollowedId", "SocialProfileId") VALUES (-1, -2);
INSERT INTO stakeholders."UserFollowers" ("FollowedId", "SocialProfileId") VALUES (-2, -1);
INSERT INTO stakeholders."UserFollowers" ("FollowedId", "SocialProfileId") VALUES (-1, -4);
INSERT INTO stakeholders."UserFollowers" ("FollowedId", "SocialProfileId") VALUES (-4, -1);
INSERT INTO stakeholders."UserFollowers" ("FollowedId", "SocialProfileId") VALUES (-2, -3);
INSERT INTO stakeholders."UserFollowers" ("FollowedId", "SocialProfileId") VALUES (-3, -2);
INSERT INTO stakeholders."UserFollowers" ("FollowedId", "SocialProfileId") VALUES (-4, -5);
INSERT INTO stakeholders."UserFollowers" ("FollowedId", "SocialProfileId") VALUES (-5, -3);
INSERT INTO stakeholders."UserFollowers" ("FollowedId", "SocialProfileId") VALUES (-3, -5);
INSERT INTO stakeholders."UserFollowers" ("FollowedId", "SocialProfileId") VALUES (-5, -6);
INSERT INTO stakeholders."UserFollowers" ("FollowedId", "SocialProfileId") VALUES (-6, -4);
INSERT INTO stakeholders."UserFollowers" ("FollowedId", "SocialProfileId") VALUES (-6, -7);
INSERT INTO stakeholders."UserFollowers" ("FollowedId", "SocialProfileId") VALUES (-7, -5);
INSERT INTO stakeholders."UserFollowers" ("FollowedId", "SocialProfileId") VALUES (-8, -9);
INSERT INTO stakeholders."UserFollowers" ("FollowedId", "SocialProfileId") VALUES (-9, -7);
INSERT INTO stakeholders."UserFollowers" ("FollowedId", "SocialProfileId") VALUES (-9, -10);
INSERT INTO stakeholders."UserFollowers" ("FollowedId", "SocialProfileId") VALUES (-10, -8);
INSERT INTO stakeholders."UserFollowers" ("FollowedId", "SocialProfileId") VALUES (-11, -12);
INSERT INTO stakeholders."UserFollowers" ("FollowedId", "SocialProfileId") VALUES (-12, -11);
INSERT INTO stakeholders."UserFollowers" ("FollowedId", "SocialProfileId") VALUES (-11, -13);
INSERT INTO stakeholders."UserFollowers" ("FollowedId", "SocialProfileId") VALUES (-13, -11);
INSERT INTO stakeholders."UserFollowers" ("FollowedId", "SocialProfileId") VALUES (-12, -14);
INSERT INTO stakeholders."UserFollowers" ("FollowedId", "SocialProfileId") VALUES (-14, -13);
INSERT INTO stakeholders."UserFollowers" ("FollowedId", "SocialProfileId") VALUES (-14, -15);
INSERT INTO stakeholders."UserFollowers" ("FollowedId", "SocialProfileId") VALUES (-15, -12);
INSERT INTO stakeholders."UserFollowers" ("FollowedId", "SocialProfileId") VALUES (-15, -16);
INSERT INTO stakeholders."UserFollowers" ("FollowedId", "SocialProfileId") VALUES (-16, -14);
INSERT INTO stakeholders."UserFollowers" ("FollowedId", "SocialProfileId") VALUES (-16, -17);
INSERT INTO stakeholders."UserFollowers" ("FollowedId", "SocialProfileId") VALUES (-17, -15);
INSERT INTO stakeholders."UserFollowers" ("FollowedId", "SocialProfileId") VALUES (-17, -18);
INSERT INTO stakeholders."UserFollowers" ("FollowedId", "SocialProfileId") VALUES (-18, -16);
INSERT INTO stakeholders."UserFollowers" ("FollowedId", "SocialProfileId") VALUES (-18, -19);
INSERT INTO stakeholders."UserFollowers" ("FollowedId", "SocialProfileId") VALUES (-19, -17);
INSERT INTO stakeholders."UserFollowers" ("FollowedId", "SocialProfileId") VALUES (-19, -20);
INSERT INTO stakeholders."UserFollowers" ("FollowedId", "SocialProfileId") VALUES (-20, -18);
INSERT INTO stakeholders."UserFollowers" ("FollowedId", "SocialProfileId") VALUES (-20, -21);
INSERT INTO stakeholders."UserFollowers" ("FollowedId", "SocialProfileId") VALUES (-21, -19);
INSERT INTO stakeholders."UserFollowers" ("FollowedId", "SocialProfileId") VALUES (-21, -22);
INSERT INTO stakeholders."UserFollowers" ("FollowedId", "SocialProfileId") VALUES (-22, -20);
INSERT INTO stakeholders."UserFollowers" ("FollowedId", "SocialProfileId") VALUES (-22, -23);
INSERT INTO stakeholders."UserFollowers" ("FollowedId", "SocialProfileId") VALUES (-23, -21);
INSERT INTO stakeholders."UserFollowers" ("FollowedId", "SocialProfileId") VALUES (-23, -24);
INSERT INTO stakeholders."UserFollowers" ("FollowedId", "SocialProfileId") VALUES (-24, -22);
INSERT INTO stakeholders."UserFollowers" ("FollowedId", "SocialProfileId") VALUES (-24, -25);
INSERT INTO stakeholders."UserFollowers" ("FollowedId", "SocialProfileId") VALUES (-25, -23);
INSERT INTO stakeholders."UserFollowers" ("FollowedId", "SocialProfileId") VALUES (-25, -26);
INSERT INTO stakeholders."UserFollowers" ("FollowedId", "SocialProfileId") VALUES (-26, -24);
INSERT INTO stakeholders."UserFollowers" ("FollowedId", "SocialProfileId") VALUES (-26, -27);
INSERT INTO stakeholders."UserFollowers" ("FollowedId", "SocialProfileId") VALUES (-27, -25);
INSERT INTO stakeholders."UserFollowers" ("FollowedId", "SocialProfileId") VALUES (-27, -28);
INSERT INTO stakeholders."UserFollowers" ("FollowedId", "SocialProfileId") VALUES (-28, -26);
INSERT INTO stakeholders."UserFollowers" ("FollowedId", "SocialProfileId") VALUES (-28, -29);
INSERT INTO stakeholders."UserFollowers" ("FollowedId", "SocialProfileId") VALUES (-29, -27);
INSERT INTO stakeholders."UserFollowers" ("FollowedId", "SocialProfileId") VALUES (-29, -30);
INSERT INTO stakeholders."UserFollowers" ("FollowedId", "SocialProfileId") VALUES (-30, -28);
INSERT INTO stakeholders."UserFollowers" ("FollowedId", "SocialProfileId") VALUES (-30, -1);
INSERT INTO stakeholders."UserFollowers" ("FollowedId", "SocialProfileId") VALUES (1, 2);
INSERT INTO stakeholders."UserFollowers" ("FollowedId", "SocialProfileId") VALUES (2, 1);
INSERT INTO stakeholders."UserFollowers" ("FollowedId", "SocialProfileId") VALUES (1, 4);
INSERT INTO stakeholders."UserFollowers" ("FollowedId", "SocialProfileId") VALUES (4, 1);
INSERT INTO stakeholders."UserFollowers" ("FollowedId", "SocialProfileId") VALUES (2, 3);
INSERT INTO stakeholders."UserFollowers" ("FollowedId", "SocialProfileId") VALUES (3, 2);
INSERT INTO stakeholders."UserFollowers" ("FollowedId", "SocialProfileId") VALUES (4, 5);
INSERT INTO stakeholders."UserFollowers" ("FollowedId", "SocialProfileId") VALUES (5, 3);
INSERT INTO stakeholders."UserFollowers" ("FollowedId", "SocialProfileId") VALUES (3, 5);


--
-- TOC entry 5232 (class 0 OID 238427)
-- Dependencies: 235
-- Data for Name: Users; Type: TABLE DATA; Schema: stakeholders; Owner: postgres
--

INSERT INTO stakeholders."Users" ("Id", "Username", "Password", "Role", "IsActive", "IsVerified") VALUES (-1, 'admin', 'aaa', 0, true, true);
INSERT INTO stakeholders."Users" ("Id", "Username", "Password", "Role", "IsActive", "IsVerified") VALUES (-2, 'author1', 'aaa', 1, true, true);
INSERT INTO stakeholders."Users" ("Id", "Username", "Password", "Role", "IsActive", "IsVerified") VALUES (-3, 'author2', 'aaa', 1, true, true);
INSERT INTO stakeholders."Users" ("Id", "Username", "Password", "Role", "IsActive", "IsVerified") VALUES (-4, 'author3', 'aaa', 1, true, true);
INSERT INTO stakeholders."Users" ("Id", "Username", "Password", "Role", "IsActive", "IsVerified") VALUES (-5, 'author4', 'aaa', 1, true, true);
INSERT INTO stakeholders."Users" ("Id", "Username", "Password", "Role", "IsActive", "IsVerified") VALUES (-6, 'author5', 'aaa', 1, true, true);
INSERT INTO stakeholders."Users" ("Id", "Username", "Password", "Role", "IsActive", "IsVerified") VALUES (-7, 'author6', 'aaa', 1, true, true);
INSERT INTO stakeholders."Users" ("Id", "Username", "Password", "Role", "IsActive", "IsVerified") VALUES (-8, 'author7', 'aaa', 1, true, true);
INSERT INTO stakeholders."Users" ("Id", "Username", "Password", "Role", "IsActive", "IsVerified") VALUES (-9, 'author8', 'aaa', 1, true, true);
INSERT INTO stakeholders."Users" ("Id", "Username", "Password", "Role", "IsActive", "IsVerified") VALUES (-10, 'author9', 'aaa', 1, true, true);
INSERT INTO stakeholders."Users" ("Id", "Username", "Password", "Role", "IsActive", "IsVerified") VALUES (-11, 'tourist1', 'aaa', 2, true, true);
INSERT INTO stakeholders."Users" ("Id", "Username", "Password", "Role", "IsActive", "IsVerified") VALUES (-12, 'tourist2', 'aaa', 2, true, true);
INSERT INTO stakeholders."Users" ("Id", "Username", "Password", "Role", "IsActive", "IsVerified") VALUES (-13, 'tourist3', 'aaa', 2, true, true);
INSERT INTO stakeholders."Users" ("Id", "Username", "Password", "Role", "IsActive", "IsVerified") VALUES (-14, 'tourist4', 'aaa', 2, true, true);
INSERT INTO stakeholders."Users" ("Id", "Username", "Password", "Role", "IsActive", "IsVerified") VALUES (-15, 'tourist5', 'aaa', 2, true, true);
INSERT INTO stakeholders."Users" ("Id", "Username", "Password", "Role", "IsActive", "IsVerified") VALUES (-16, 'tourist6', 'aaa', 2, true, true);
INSERT INTO stakeholders."Users" ("Id", "Username", "Password", "Role", "IsActive", "IsVerified") VALUES (-17, 'tourist7', 'aaa', 2, true, true);
INSERT INTO stakeholders."Users" ("Id", "Username", "Password", "Role", "IsActive", "IsVerified") VALUES (-18, 'tourist8', 'aaa', 2, true, true);
INSERT INTO stakeholders."Users" ("Id", "Username", "Password", "Role", "IsActive", "IsVerified") VALUES (-19, 'tourist9', 'aaa', 2, true, true);
INSERT INTO stakeholders."Users" ("Id", "Username", "Password", "Role", "IsActive", "IsVerified") VALUES (-20, 'tourist10', 'aaa', 2, true, true);
INSERT INTO stakeholders."Users" ("Id", "Username", "Password", "Role", "IsActive", "IsVerified") VALUES (-21, 'tourist11', 'aaa', 2, true, true);
INSERT INTO stakeholders."Users" ("Id", "Username", "Password", "Role", "IsActive", "IsVerified") VALUES (-22, 'tourist12', 'aaa', 2, true, true);
INSERT INTO stakeholders."Users" ("Id", "Username", "Password", "Role", "IsActive", "IsVerified") VALUES (-23, 'tourist13', 'aaa', 2, true, true);
INSERT INTO stakeholders."Users" ("Id", "Username", "Password", "Role", "IsActive", "IsVerified") VALUES (-24, 'tourist14', 'aaa', 2, true, true);
INSERT INTO stakeholders."Users" ("Id", "Username", "Password", "Role", "IsActive", "IsVerified") VALUES (-25, 'tourist15', 'aaa', 2, true, true);
INSERT INTO stakeholders."Users" ("Id", "Username", "Password", "Role", "IsActive", "IsVerified") VALUES (-26, 'tourist16', 'aaa', 2, true, true);
INSERT INTO stakeholders."Users" ("Id", "Username", "Password", "Role", "IsActive", "IsVerified") VALUES (-27, 'tourist17', 'aaa', 2, true, true);
INSERT INTO stakeholders."Users" ("Id", "Username", "Password", "Role", "IsActive", "IsVerified") VALUES (-28, 'tourist18', 'aaa', 2, true, true);
INSERT INTO stakeholders."Users" ("Id", "Username", "Password", "Role", "IsActive", "IsVerified") VALUES (-29, 'tourist19', 'aaa', 2, true, true);
INSERT INTO stakeholders."Users" ("Id", "Username", "Password", "Role", "IsActive", "IsVerified") VALUES (-30, 'tourist20', 'aaa', 2, true, true);
INSERT INTO stakeholders."Users" ("Id", "Username", "Password", "Role", "IsActive", "IsVerified") VALUES (8, 'piki', 'ef797c8118f02dfb649607dd5d3f8c7623048c9c063d532cc95c5ed7a898a64f', 2, true, true);
INSERT INTO stakeholders."Users" ("Id", "Username", "Password", "Role", "IsActive", "IsVerified") VALUES (6, 'miki', 'ef797c8118f02dfb649607dd5d3f8c7623048c9c063d532cc95c5ed7a898a64f', 1, true, true);
INSERT INTO stakeholders."Users" ("Id", "Username", "Password", "Role", "IsActive", "IsVerified") VALUES (7, 'siki', 'ef797c8118f02dfb649607dd5d3f8c7623048c9c063d532cc95c5ed7a898a64f', 2, true, true);
INSERT INTO stakeholders."Users" ("Id", "Username", "Password", "Role", "IsActive", "IsVerified") VALUES (9, 'A', '559aead08264d5795d3909718cdd05abd49572e84fe55590eef31a88a08fdffd', 1, true, true);
INSERT INTO stakeholders."Users" ("Id", "Username", "Password", "Role", "IsActive", "IsVerified") VALUES (10, 'ivan', 'bd768dda291675968dacc5449316447c4cb570a3a38b8e727b7fb59831f0cb06', 2, true, false);
INSERT INTO stakeholders."Users" ("Id", "Username", "Password", "Role", "IsActive", "IsVerified") VALUES (5, 'tourist3@gmail.com', 'ef797c8118f02dfb649607dd5d3f8c7623048c9c063d532cc95c5ed7a898a64f', 2, true, true);
INSERT INTO stakeholders."Users" ("Id", "Username", "Password", "Role", "IsActive", "IsVerified") VALUES (12, 'tiki', 'ef797c8118f02dfb649607dd5d3f8c7623048c9c063d532cc95c5ed7a898a64f', 1, true, true);
INSERT INTO stakeholders."Users" ("Id", "Username", "Password", "Role", "IsActive", "IsVerified") VALUES (1, 'author1@gmail.com', 'ef797c8118f02dfb649607dd5d3f8c7623048c9c063d532cc95c5ed7a898a64f', 1, true, true);
INSERT INTO stakeholders."Users" ("Id", "Username", "Password", "Role", "IsActive", "IsVerified") VALUES (2, 'author2@gmail.com', 'ef797c8118f02dfb649607dd5d3f8c7623048c9c063d532cc95c5ed7a898a64f', 1, true, true);
INSERT INTO stakeholders."Users" ("Id", "Username", "Password", "Role", "IsActive", "IsVerified") VALUES (3, 'tourist1@gmail.com', 'ef797c8118f02dfb649607dd5d3f8c7623048c9c063d532cc95c5ed7a898a64f', 2, true, true);
INSERT INTO stakeholders."Users" ("Id", "Username", "Password", "Role", "IsActive", "IsVerified") VALUES (4, 'tourist2@gmail.com', 'ef797c8118f02dfb649607dd5d3f8c7623048c9c063d532cc95c5ed7a898a64f', 2, true, true);


--
-- TOC entry 5234 (class 0 OID 238435)
-- Dependencies: 237
-- Data for Name: VerificationTokens; Type: TABLE DATA; Schema: stakeholders; Owner: postgres
--



--
-- TOC entry 5216 (class 0 OID 238369)
-- Dependencies: 219
-- Data for Name: __EFMigrationsHistory; Type: TABLE DATA; Schema: stakeholders; Owner: postgres
--

INSERT INTO stakeholders."__EFMigrationsHistory" ("MigrationId", "ProductVersion") VALUES ('20231224175430_Init', '7.0.12');


--
-- TOC entry 5277 (class 0 OID 238710)
-- Dependencies: 280
-- Data for Name: CheckpointCompletition; Type: TABLE DATA; Schema: tours; Owner: postgres
--

INSERT INTO tours."CheckpointCompletition" ("Id", "TourExecutionId", "CheckpointId", "CompletitionTime") VALUES (1, 1, 1, '2023-11-22 14:00:00+01');
INSERT INTO tours."CheckpointCompletition" ("Id", "TourExecutionId", "CheckpointId", "CompletitionTime") VALUES (2, 2, 3, '2023-11-20 14:00:00+01');
INSERT INTO tours."CheckpointCompletition" ("Id", "TourExecutionId", "CheckpointId", "CompletitionTime") VALUES (3, 3, 5, '2023-11-20 14:00:00+01');
INSERT INTO tours."CheckpointCompletition" ("Id", "TourExecutionId", "CheckpointId", "CompletitionTime") VALUES (4, 4, 7, '2023-11-20 14:00:00+01');
INSERT INTO tours."CheckpointCompletition" ("Id", "TourExecutionId", "CheckpointId", "CompletitionTime") VALUES (5, 5, 9, '2023-11-20 14:00:00+01');
INSERT INTO tours."CheckpointCompletition" ("Id", "TourExecutionId", "CheckpointId", "CompletitionTime") VALUES (6, 6, 11, '2023-11-20 14:00:00+01');


--
-- TOC entry 5265 (class 0 OID 238617)
-- Dependencies: 268
-- Data for Name: Checkpoints; Type: TABLE DATA; Schema: tours; Owner: postgres
--

INSERT INTO tours."Checkpoints" ("Id", "TourId", "AuthorId", "Longitude", "Latitude", "Name", "Description", "Pictures", "RequiredTimeInSeconds", "CheckpointSecret", "EncounterId", "IsSecretPrerequisite") VALUES (9, 5, 1, 19.8437147, 45.2441588, 'kguhlj', 'jvbknl', '{https://www.cntraveller.com/gallery/things-to-do-in-paris}', 10980, '{"Pictures": ["jvhkl"], "Description": "gxfhguh"}', -1, false);
INSERT INTO tours."Checkpoints" ("Id", "TourId", "AuthorId", "Longitude", "Latitude", "Name", "Description", "Pictures", "RequiredTimeInSeconds", "CheckpointSecret", "EncounterId", "IsSecretPrerequisite") VALUES (10, 5, 1, 19.82206345, 45.2516316, 'y', 'y', '{https://www.cntraveller.com/gallery/things-to-do-in-paris}', 14640, '{"Pictures": ["xgfchvjbk"], "Description": "xgfciuho"}', -1, false);
INSERT INTO tours."Checkpoints" ("Id", "TourId", "AuthorId", "Longitude", "Latitude", "Name", "Description", "Pictures", "RequiredTimeInSeconds", "CheckpointSecret", "EncounterId", "IsSecretPrerequisite") VALUES (11, 6, 1, 19.82540308, 45.2633069, 'y', 'y', '{https://www.cntraveller.com/gallery/things-to-do-in-paris}', 18300, '{"Pictures": ["h"], "Description": "h"}', -1, false);
INSERT INTO tours."Checkpoints" ("Id", "TourId", "AuthorId", "Longitude", "Latitude", "Name", "Description", "Pictures", "RequiredTimeInSeconds", "CheckpointSecret", "EncounterId", "IsSecretPrerequisite") VALUES (12, 6, 1, 19.82540311, 45.2633072, 'y', 'y', '{https://www.cntraveller.com/gallery/things-to-do-in-paris}', 20300, '{"Pictures": ["h"], "Description": "h"}', -1, false);
INSERT INTO tours."Checkpoints" ("Id", "TourId", "AuthorId", "Longitude", "Latitude", "Name", "Description", "Pictures", "RequiredTimeInSeconds", "CheckpointSecret", "EncounterId", "IsSecretPrerequisite") VALUES (13, 8, 1, 19.8263797, 45.2385893, 'Manli', 'a', '{ada62d17-10c6-4337-9f79-980eb5727020.jpg}', 3600, '{"Pictures": null, "Description": "baka"}', 0, true);
INSERT INTO tours."Checkpoints" ("Id", "TourId", "AuthorId", "Longitude", "Latitude", "Name", "Description", "Pictures", "RequiredTimeInSeconds", "CheckpointSecret", "EncounterId", "IsSecretPrerequisite") VALUES (14, 8, 1, 19.7669417, 45.2816017, 'b', 'b', '{e29ef98b-a7df-4955-b71d-33b9078c405f.jpg}', 3600, '{"Pictures": null, "Description": "aaaar"}', 0, true);
INSERT INTO tours."Checkpoints" ("Id", "TourId", "AuthorId", "Longitude", "Latitude", "Name", "Description", "Pictures", "RequiredTimeInSeconds", "CheckpointSecret", "EncounterId", "IsSecretPrerequisite") VALUES (7, 4, 1, 19.8346111, 45.2570846, 'FUIOJ', 'GXHVJBKNL', '{https://www.cntraveller.com/gallery/things-to-do-in-paris}', 14640, '{"Pictures": ["GHVJBKL"], "Description": "FZGXCHJKL"}', -1, false);
INSERT INTO tours."Checkpoints" ("Id", "TourId", "AuthorId", "Longitude", "Latitude", "Name", "Description", "Pictures", "RequiredTimeInSeconds", "CheckpointSecret", "EncounterId", "IsSecretPrerequisite") VALUES (8, 4, 1, 19.8146224, 45.2654452, 'tyty', 't', '{https://www.cntraveller.com/gallery/things-to-do-in-paris}', 4140, '{"Pictures": ["cghvjk"], "Description": "hfgjhkjjh"}', -1, false);
INSERT INTO tours."Checkpoints" ("Id", "TourId", "AuthorId", "Longitude", "Latitude", "Name", "Description", "Pictures", "RequiredTimeInSeconds", "CheckpointSecret", "EncounterId", "IsSecretPrerequisite") VALUES (3, 2, 1, 19.81987921, 45.2630947, 'ch3', 'ch3', '{https://encrypted-tbn0.gstatic.com/images?q=tbn:ANd9GcQPVYGJBdyQfzF-Leb4H04OC0rr5xjFOsUM3A&usqp=CAU}', 86520, '{"Pictures": ["gfxchjbk"], "Description": "ufvcrbwind`"}', -1, false);
INSERT INTO tours."Checkpoints" ("Id", "TourId", "AuthorId", "Longitude", "Latitude", "Name", "Description", "Pictures", "RequiredTimeInSeconds", "CheckpointSecret", "EncounterId", "IsSecretPrerequisite") VALUES (4, 2, 1, 19.81986109, 45.27223615, 'ch4', 'ch4', '{https://www.cntraveller.com/gallery/things-to-do-in-paris}', 7320, '{"Pictures": ["frf"], "Description": "frff"}', -1, false);
INSERT INTO tours."Checkpoints" ("Id", "TourId", "AuthorId", "Longitude", "Latitude", "Name", "Description", "Pictures", "RequiredTimeInSeconds", "CheckpointSecret", "EncounterId", "IsSecretPrerequisite") VALUES (17, 14, 1, 20.425887266919112, 44.79699515, 'Ada ciganlija', 'Prosetajte Adom', '{c05be38f-6335-486e-ae1a-a1022fba526a.jpg}', 0, '{"Pictures": ["8e79bd0f-d4f2-4470-ac31-55e093b7e892.jpg"], "Description": "a"}', 0, true);
INSERT INTO tours."Checkpoints" ("Id", "TourId", "AuthorId", "Longitude", "Latitude", "Name", "Description", "Pictures", "RequiredTimeInSeconds", "CheckpointSecret", "EncounterId", "IsSecretPrerequisite") VALUES (5, 3, 1, 19.81581535, 45.2560451, 'vywcjbkdx', 'xgchjgvb', '{https://static01.nyt.com/images/2023/07/01/travel/22hours-paris-tjzf/22hours-paris-tjzf-superJumbo.jpg}', 10980, '{"Pictures": ["xtuycvub"], "Description": "twcu"}', -1, false);
INSERT INTO tours."Checkpoints" ("Id", "TourId", "AuthorId", "Longitude", "Latitude", "Name", "Description", "Pictures", "RequiredTimeInSeconds", "CheckpointSecret", "EncounterId", "IsSecretPrerequisite") VALUES (6, 3, 1, 19.81794532, 45.26530655, 'cyvu', 'hvjbkn', '{https://www.cntraveller.com/gallery/things-to-do-in-paris}', 14640, '{"Pictures": ["tyguhijkl"], "Description": "rtrtr"}', -1, false);
INSERT INTO tours."Checkpoints" ("Id", "TourId", "AuthorId", "Longitude", "Latitude", "Name", "Description", "Pictures", "RequiredTimeInSeconds", "CheckpointSecret", "EncounterId", "IsSecretPrerequisite") VALUES (18, 1, 1, 19.84860571616786, 45.2119813, 'Bab', 'a', '{7dff6871-ec2f-463d-9a46-92b79274ec2e.jpg}', 3600, NULL, 0, true);
INSERT INTO tours."Checkpoints" ("Id", "TourId", "AuthorId", "Longitude", "Latitude", "Name", "Description", "Pictures", "RequiredTimeInSeconds", "CheckpointSecret", "EncounterId", "IsSecretPrerequisite") VALUES (19, 1, 1, 19.8457658107098, 45.23503635, 'moj', 'a', '{4f62f222-d6df-4a27-bcd6-d36b253cbc09.jpg}', 3600, '{"Pictures": null, "Description": "a"}', 0, true);
INSERT INTO tours."Checkpoints" ("Id", "TourId", "AuthorId", "Longitude", "Latitude", "Name", "Description", "Pictures", "RequiredTimeInSeconds", "CheckpointSecret", "EncounterId", "IsSecretPrerequisite") VALUES (1, 1, 1, 19.68388953, 45.2816036, 'ch1', 'ch1', '{https://res.klook.com/image/upload/Mobile/City/swox6wjsl5ndvkv5jvum.jpg}', 7320, '{"Pictures": ["vecbewn"], "Description": "fxdwfdcvubxsin"}', -1, false);
INSERT INTO tours."Checkpoints" ("Id", "TourId", "AuthorId", "Longitude", "Latitude", "Name", "Description", "Pictures", "RequiredTimeInSeconds", "CheckpointSecret", "EncounterId", "IsSecretPrerequisite") VALUES (2, 1, 1, 19.8154209, 45.2634893, 'ch2', 'ch2', '{https://static01.nyt.com/images/2023/07/01/travel/22hours-paris-tjzf/22hours-paris-tjzf-superJumbo.jpg}', 10980, '{"Pictures": ["fdxgchvjbk"], "Description": "cvhjbk"}', -1, false);
INSERT INTO tours."Checkpoints" ("Id", "TourId", "AuthorId", "Longitude", "Latitude", "Name", "Description", "Pictures", "RequiredTimeInSeconds", "CheckpointSecret", "EncounterId", "IsSecretPrerequisite") VALUES (15, 14, 1, 20.469188390962003, 44.798045349999995, 'Hram Svetog Save', 'Najveci i najvisi hram u Evropi!', '{6a4674eb-03b9-4c0c-95cc-1734cb4bd399.jpg}', 3600, '{"Pictures": [], "Description": "a"}', 0, true);


--
-- TOC entry 5247 (class 0 OID 238547)
-- Dependencies: 250
-- Data for Name: CompositeTours; Type: TABLE DATA; Schema: tours; Owner: postgres
--



--
-- TOC entry 5249 (class 0 OID 238555)
-- Dependencies: 252
-- Data for Name: Equipment; Type: TABLE DATA; Schema: tours; Owner: postgres
--

INSERT INTO tours."Equipment" ("Id", "Name", "Description") VALUES (1, 'Voda', 'Koliina vode varira od temperature i trajanja ture. Preporuka je da se pije pola litre vode na jedan sat umerena fizike aktivnosti (npr. hajk u prirodi bez znaajnog uspona) po umerenoj vruini');
INSERT INTO tours."Equipment" ("Id", "Name", "Description") VALUES (2, 'tapovi za etanje', 'tapovi umanjuju umor nogu, pospeuju aktivnost gornjeg dela tela i pruaju stabilnost na neravnom terenu.');
INSERT INTO tours."Equipment" ("Id", "Name", "Description") VALUES (3, 'Obina baterijska lampa', 'Baterijska lampa od 200 do 400 lumena.');
INSERT INTO tours."Equipment" ("Id", "Name", "Description") VALUES (-4, 'Topla odea', 'Topla odea je neophodna za boravak na hladnijim mestima ili nou.');
INSERT INTO tours."Equipment" ("Id", "Name", "Description") VALUES (-5, 'Rezervna obua', 'Rezervna obua moe biti korisna u sluaju da se prva pokvari ili smo mokri.');
INSERT INTO tours."Equipment" ("Id", "Name", "Description") VALUES (-6, 'Prva pomo', 'Osnovni set za prvu pomo moe biti koristan za male povrede ili neoekivane situacije.');
INSERT INTO tours."Equipment" ("Id", "Name", "Description") VALUES (-7, 'Mapa i kompas', 'Orienteering alati su vani za orijentaciju u prirodi, posebno kada nema signala za mobilni telefon.');
INSERT INTO tours."Equipment" ("Id", "Name", "Description") VALUES (-8, 'Kina kabanica', 'Kina kabanica moe biti spas u sluaju nepredvienih padavina.');
INSERT INTO tours."Equipment" ("Id", "Name", "Description") VALUES (-9, 'GoPro kamera', 'Zabeleite nezaboravne trenutke tokom ture uz pomo GoPro kamere.');
INSERT INTO tours."Equipment" ("Id", "Name", "Description") VALUES (-10, 'ator', 'ator je potreban za viednevne ture kako bi se obezbedio smetaj.');
INSERT INTO tours."Equipment" ("Id", "Name", "Description") VALUES (-11, 'Planinarski ruksak', 'Ruksak za planinarenje prua udobnost i praktinost pri noenju opreme.');
INSERT INTO tours."Equipment" ("Id", "Name", "Description") VALUES (-12, 'Termos za vrue napitke', 'Termos je koristan za odravanje toplote napitaka tokom hladnih dana.');
INSERT INTO tours."Equipment" ("Id", "Name", "Description") VALUES (-13, 'GPS ureaj', 'GPS ureaj omoguava precizno praenje rute i lokacije tokom ture.');
INSERT INTO tours."Equipment" ("Id", "Name", "Description") VALUES (-14, 'Sunane naoare', 'Sunane naoare tite oi od jakog sunca i refleksije snega ili vode.');
INSERT INTO tours."Equipment" ("Id", "Name", "Description") VALUES (-15, 'Makaze za granice', 'Makaze su korisne za seenje manjih granica ili pravljenje improvizovanog sklonita.');


--
-- TOC entry 5251 (class 0 OID 238563)
-- Dependencies: 254
-- Data for Name: MapObjects; Type: TABLE DATA; Schema: tours; Owner: postgres
--

INSERT INTO tours."MapObjects" ("Id", "Name", "Description", "PictureURL", "Category", "Longitude", "Latitude") VALUES (2, 'Parking kod Sajma', 'Veliki parking ispred Sajma', '', 3, 19.82386, 45.2587);


--
-- TOC entry 5253 (class 0 OID 238571)
-- Dependencies: 256
-- Data for Name: PrivateTours; Type: TABLE DATA; Schema: tours; Owner: postgres
--



--
-- TOC entry 5267 (class 0 OID 238630)
-- Dependencies: 270
-- Data for Name: PublicCheckpoint; Type: TABLE DATA; Schema: tours; Owner: postgres
--

INSERT INTO tours."PublicCheckpoint" ("Id", "Longitude", "Latitude", "Name", "Description", "Pictures", "TourId") VALUES (-1, 20.469, 44.7984, 'Hram Svetog Save', 'Najveci i najvisi hram u Evropi!', '{ch1.jpg}', NULL);
INSERT INTO tours."PublicCheckpoint" ("Id", "Longitude", "Latitude", "Name", "Description", "Pictures", "TourId") VALUES (-2, 20.4252, 44.7953, 'Ada ciganlija', 'Prosetajte Adom', '{ch2.jpg}', NULL);
INSERT INTO tours."PublicCheckpoint" ("Id", "Longitude", "Latitude", "Name", "Description", "Pictures", "TourId") VALUES (-3, 19.84241, 45.2446, 'Promenada', 'Najveci trzni centar u Novom Sadu', '{ch3.jpg}', NULL);
INSERT INTO tours."PublicCheckpoint" ("Id", "Longitude", "Latitude", "Name", "Description", "Pictures", "TourId") VALUES (-4, 20.4651, 44.8185, 'Kalemegdan', 'Historijska tvrava sa prelepim pogledom na reku Savu i Dunav', '{ch4.jpg}', NULL);
INSERT INTO tours."PublicCheckpoint" ("Id", "Longitude", "Latitude", "Name", "Description", "Pictures", "TourId") VALUES (-5, 20.456, 44.7844, 'Muzej Nikola Tesla', 'Posetite muzej posveen velikom nauniku Nikoli Tesli', '{ch5.jpg}', NULL);
INSERT INTO tours."PublicCheckpoint" ("Id", "Longitude", "Latitude", "Name", "Description", "Pictures", "TourId") VALUES (-6, 20.4673, 44.8181, 'Skadarlija', 'Boemska etvrt sa tradicionalnim srpskim restoranima i kafanama', '{ch6.jpg}', NULL);
INSERT INTO tours."PublicCheckpoint" ("Id", "Longitude", "Latitude", "Name", "Description", "Pictures", "TourId") VALUES (-7, 19.8364, 45.246, 'Petrovaradinska tvrava', 'Impresivna tvrava na Dunavu sa bogatom istorijom', '{ch7.jpg}', NULL);
INSERT INTO tours."PublicCheckpoint" ("Id", "Longitude", "Latitude", "Name", "Description", "Pictures", "TourId") VALUES (-8, 19.8436, 45.2569, 'Dunavski park', 'Oaza zelenila u centru Novog Sada sa prelepim fontanama', '{ch8.jpg}', NULL);
INSERT INTO tours."PublicCheckpoint" ("Id", "Longitude", "Latitude", "Name", "Description", "Pictures", "TourId") VALUES (-9, 20.4599, 44.7866, 'Hram Svetog Save', 'Najvei pravoslavni hram na Balkanu i najvia katedrala u Srbiji', '{ch9.jpg}', NULL);
INSERT INTO tours."PublicCheckpoint" ("Id", "Longitude", "Latitude", "Name", "Description", "Pictures", "TourId") VALUES (-10, 20.4431, 44.768, 'Beogradski sajam', 'Meunarodni sajam na kojem se odravaju brojne manifestacije', '{ch10.jpg}', NULL);
INSERT INTO tours."PublicCheckpoint" ("Id", "Longitude", "Latitude", "Name", "Description", "Pictures", "TourId") VALUES (-11, 20.4659, 44.8197, 'Pobednik', 'Spomenik Pobednik na Kalemegdanu sa spektakularnim pogledom na Beograd', '{ch11.jpg}', NULL);
INSERT INTO tours."PublicCheckpoint" ("Id", "Longitude", "Latitude", "Name", "Description", "Pictures", "TourId") VALUES (-12, 20.4485, 44.7872, 'Narodna Skuptina', 'Zgrada u kojoj se nalazi parlament Republike Srbije', '{ch12.jpg}', NULL);
INSERT INTO tours."PublicCheckpoint" ("Id", "Longitude", "Latitude", "Name", "Description", "Pictures", "TourId") VALUES (-13, 19.8335, 45.2556, 'Trg Slobode', 'Centralni trg u Novom Sadu sa brojnim kafiima i prodavnicama', '{ch13.jpg}', NULL);
INSERT INTO tours."PublicCheckpoint" ("Id", "Longitude", "Latitude", "Name", "Description", "Pictures", "TourId") VALUES (-14, 19.8235, 45.2668, 'Dunavski kej', 'Popularno etalite uz obalu Dunava sa prelepim pejzaem', '{ch14.jpg}', NULL);
INSERT INTO tours."PublicCheckpoint" ("Id", "Longitude", "Latitude", "Name", "Description", "Pictures", "TourId") VALUES (-15, 20.4583, 44.8123, 'Beogradska tvrava', 'Istorijski kompleks iz doba Rimskog carstva na uu reke Save u Dunav', '{ch15.jpg}', NULL);
INSERT INTO tours."PublicCheckpoint" ("Id", "Longitude", "Latitude", "Name", "Description", "Pictures", "TourId") VALUES (-16, 20.4444, 44.8033, 'Kua cvea', 'Memorijalni kompleks posveen Josipu Brozu Titu', '{ch16.jpg}', NULL);
INSERT INTO tours."PublicCheckpoint" ("Id", "Longitude", "Latitude", "Name", "Description", "Pictures", "TourId") VALUES (-17, 20.4593, 44.7869, 'Botanika bata', 'Bata sa bogatom kolekcijom biljaka u srcu Beograda', '{ch17.jpg}', NULL);
INSERT INTO tours."PublicCheckpoint" ("Id", "Longitude", "Latitude", "Name", "Description", "Pictures", "TourId") VALUES (-18, 20.4362, 44.8188, 'Muzej Jugoslavije', 'Muzej koji uva seanje na period bive Jugoslavije', '{ch18.jpg}', NULL);
INSERT INTO tours."PublicCheckpoint" ("Id", "Longitude", "Latitude", "Name", "Description", "Pictures", "TourId") VALUES (-19, 20.4591, 44.7662, 'Narodno pozorite', 'Jedno od najstarijih pozorita na Balkanu', '{ch19.jpg}', NULL);
INSERT INTO tours."PublicCheckpoint" ("Id", "Longitude", "Latitude", "Name", "Description", "Pictures", "TourId") VALUES (-20, 19.8294, 45.2582, 'Bulevar osloboenja', 'Promenada sa brojnim prodavnicama i kafiima u Novom Sadu', '{ch20.jpg}', NULL);
INSERT INTO tours."PublicCheckpoint" ("Id", "Longitude", "Latitude", "Name", "Description", "Pictures", "TourId") VALUES (-21, 20.4595, 44.8162, 'Tamajdan park', 'Zelena oaza u centru Beograda sa sportskim terenima', '{ch21.jpg}', NULL);
INSERT INTO tours."PublicCheckpoint" ("Id", "Longitude", "Latitude", "Name", "Description", "Pictures", "TourId") VALUES (-22, 20.4568, 44.8039, 'Sava centar', 'Kongresni centar i koncertna dvorana na obali Save', '{ch22.jpg}', NULL);
INSERT INTO tours."PublicCheckpoint" ("Id", "Longitude", "Latitude", "Name", "Description", "Pictures", "TourId") VALUES (-23, 20.4587, 44.8156, 'Hram Svetog Marka', 'Pravoslavni hram na Terazijama sa bogatom unutranjom dekoracijom', '{ch23.jpg}', NULL);
INSERT INTO tours."PublicCheckpoint" ("Id", "Longitude", "Latitude", "Name", "Description", "Pictures", "TourId") VALUES (-24, 19.8478, 45.2543, 'Zmaj Jovina ulica', 'Poznata peaka zona u Novom Sadu sa brojnim prodavnicama', '{ch24.jpg}', NULL);
INSERT INTO tours."PublicCheckpoint" ("Id", "Longitude", "Latitude", "Name", "Description", "Pictures", "TourId") VALUES (-25, 20.453, 44.7862, 'Muzej istorije Jugoslavije', 'Muzej posveen istoriji Jugoslavije sa Titovim grobom', '{ch25.jpg}', NULL);
INSERT INTO tours."PublicCheckpoint" ("Id", "Longitude", "Latitude", "Name", "Description", "Pictures", "TourId") VALUES (-26, 20.4564, 44.8075, 'Narodni muzej', 'Najstariji i najvaniji muzej u Srbiji', '{ch26.jpg}', NULL);
INSERT INTO tours."PublicCheckpoint" ("Id", "Longitude", "Latitude", "Name", "Description", "Pictures", "TourId") VALUES (-27, 20.4442, 44.7872, 'Sajmite', 'Memorijalni kompleks posveen rtvama holokausta', '{ch27.jpg}', NULL);
INSERT INTO tours."PublicCheckpoint" ("Id", "Longitude", "Latitude", "Name", "Description", "Pictures", "TourId") VALUES (-28, 20.4606, 44.822, 'Beograd na vodi', 'Novi savremeni deo Beograda uz obalu Save', '{ch28.jpg}', NULL);
INSERT INTO tours."PublicCheckpoint" ("Id", "Longitude", "Latitude", "Name", "Description", "Pictures", "TourId") VALUES (-29, 19.8395, 45.2669, 'Frukogorski park prirode', 'Park prirode sa brojnim manastirima i stazama za planinarenje', '{ch29.jpg}', NULL);
INSERT INTO tours."PublicCheckpoint" ("Id", "Longitude", "Latitude", "Name", "Description", "Pictures", "TourId") VALUES (-30, 20.4378, 44.8199, 'Dunavska promenada', 'etalite uz obalu Dunava u Novom Sadu', '{ch30.jpg}', NULL);
INSERT INTO tours."PublicCheckpoint" ("Id", "Longitude", "Latitude", "Name", "Description", "Pictures", "TourId") VALUES (-31, 19.7167, 43.7367, 'Drvengrad', 'Etno selo poznato po specifinoj arhitekturi i filmskom festivalu', '{ch31.jpg}', NULL);
INSERT INTO tours."PublicCheckpoint" ("Id", "Longitude", "Latitude", "Name", "Description", "Pictures", "TourId") VALUES (-32, 19.5225, 43.7406, 'Stopia peina', 'Jedna od najlepih peina u Srbiji sa bogatim stalaktitima i stalagmitima', '{ch32.jpg}', NULL);
INSERT INTO tours."PublicCheckpoint" ("Id", "Longitude", "Latitude", "Name", "Description", "Pictures", "TourId") VALUES (-33, 19.6914, 43.7241, 'Tornik', 'Najvii vrh Zlatibora sa skijakim stazama i panoramskim pogledom', '{ch33.jpg}', NULL);
INSERT INTO tours."PublicCheckpoint" ("Id", "Longitude", "Latitude", "Name", "Description", "Pictures", "TourId") VALUES (-34, 19.7232, 43.7345, 'Muzej na otvorenom "Staro selo"', 'Prikaz ruralnog ivota u Srbiji kroz istorijske kue i objekte', '{ch34.jpg}', NULL);
INSERT INTO tours."PublicCheckpoint" ("Id", "Longitude", "Latitude", "Name", "Description", "Pictures", "TourId") VALUES (-35, 19.5147, 43.724, 'Ribniko jezero', 'Vetako jezero sa mogunostima za ribolov i rekreaciju', '{ch35.jpg}', NULL);
INSERT INTO tours."PublicCheckpoint" ("Id", "Longitude", "Latitude", "Name", "Description", "Pictures", "TourId") VALUES (-36, 18.5747, 43.7351, 'Olimpijski centar Jahorina', 'Skijaki centar sa brojnim stazama i sportskim sadrajima', '{ch36.jpg}', NULL);
INSERT INTO tours."PublicCheckpoint" ("Id", "Longitude", "Latitude", "Name", "Description", "Pictures", "TourId") VALUES (-37, 18.5713, 43.7462, 'Vrh Poljice', 'Najvii vrh Jahorine sa prelepim pogledom na okolinu', '{ch37.jpg}', NULL);
INSERT INTO tours."PublicCheckpoint" ("Id", "Longitude", "Latitude", "Name", "Description", "Pictures", "TourId") VALUES (-38, 18.5611, 43.7429, 'Rajska dolina', 'Popularno mesto za planinarenje i uivanje u prirodi', '{ch38.jpg}', NULL);
INSERT INTO tours."PublicCheckpoint" ("Id", "Longitude", "Latitude", "Name", "Description", "Pictures", "TourId") VALUES (-39, 18.5908, 43.7345, 'Ski lift "Ogorjelica"', 'Skijaki lift sa pristupom razliitim stazama na Jahorini', '{ch39.jpg}', NULL);
INSERT INTO tours."PublicCheckpoint" ("Id", "Longitude", "Latitude", "Name", "Description", "Pictures", "TourId") VALUES (-40, 18.5664, 43.7382, 'Restoran Vidikovac', 'Restoran sa panoramskim pogledom i tradicionalnom kuhinjom', '{ch40.jpg}', NULL);
INSERT INTO tours."PublicCheckpoint" ("Id", "Longitude", "Latitude", "Name", "Description", "Pictures", "TourId") VALUES (-41, 19.9198, 45.1362, 'Manastir Kruedol', 'Jedan od najznaajnijih manastira na Frukoj Gori', '{ch41.jpg}', NULL);
INSERT INTO tours."PublicCheckpoint" ("Id", "Longitude", "Latitude", "Name", "Description", "Pictures", "TourId") VALUES (-42, 19.9103, 45.1725, 'Andrevlje', 'Izletite sa ureenim stazama za etnju i rekreaciju', '{ch42.jpg}', NULL);
INSERT INTO tours."PublicCheckpoint" ("Id", "Longitude", "Latitude", "Name", "Description", "Pictures", "TourId") VALUES (-43, 19.9371, 45.1337, 'National Park Fruka Gora', 'Nacionalni park sa raznovrsnom florom i faunom', '{ch43.jpg}', NULL);
INSERT INTO tours."PublicCheckpoint" ("Id", "Longitude", "Latitude", "Name", "Description", "Pictures", "TourId") VALUES (-44, 19.926, 45.1578, 'Vrdnika kula', 'Srednjovekovna kula sa pogledom na okolinu i vinograde', '{ch44.jpg}', NULL);
INSERT INTO tours."PublicCheckpoint" ("Id", "Longitude", "Latitude", "Name", "Description", "Pictures", "TourId") VALUES (-45, 19.9705, 45.1234, 'Strailovo', 'Prirodni rezervat sa brojnim stazama i vidikovcima', '{ch45.jpg}', NULL);
INSERT INTO tours."PublicCheckpoint" ("Id", "Longitude", "Latitude", "Name", "Description", "Pictures", "TourId") VALUES (-46, 20.8106, 43.2847, 'Paniev vrh', 'Najvii vrh Kopaonika sa prelepim pogledom na okolinu', '{ch46.jpg}', NULL);
INSERT INTO tours."PublicCheckpoint" ("Id", "Longitude", "Latitude", "Name", "Description", "Pictures", "TourId") VALUES (-47, 20.8264, 43.2862, 'Ski staza Karaman greben', 'Popularna staza za skijanje sa raznovrsnim terenom', '{ch47.jpg}', NULL);
INSERT INTO tours."PublicCheckpoint" ("Id", "Longitude", "Latitude", "Name", "Description", "Pictures", "TourId") VALUES (-48, 20.7963, 43.2741, 'Kopaonik National Park', 'Nacionalni park sa bogatom florom i faunom', '{ch48.jpg}', NULL);
INSERT INTO tours."PublicCheckpoint" ("Id", "Longitude", "Latitude", "Name", "Description", "Pictures", "TourId") VALUES (-49, 20.8075, 43.2851, 'Sunana dolina', 'Ski centar sa modernim stazama i zabavnim sadrajima', '{ch49.jpg}', NULL);
INSERT INTO tours."PublicCheckpoint" ("Id", "Longitude", "Latitude", "Name", "Description", "Pictures", "TourId") VALUES (-50, 20.8102, 43.2855, 'Vila Jelena', 'Planinska vila sa udobnim smetajem i pogledom na staze', '{ch50.jpg}', NULL);
INSERT INTO tours."PublicCheckpoint" ("Id", "Longitude", "Latitude", "Name", "Description", "Pictures", "TourId") VALUES (-51, 19.4947, 43.7925, 'Banjska stena', 'Prirodni vidikovac sa panoramskim pogledom na reku Drinu', '{ch51.jpg}', NULL);
INSERT INTO tours."PublicCheckpoint" ("Id", "Longitude", "Latitude", "Name", "Description", "Pictures", "TourId") VALUES (-52, 19.5862, 43.7479, 'Drvengrad Mokra Gora', 'Etno selo poznato po filmskom festivalu i specifinoj arhitekturi', '{ch52.jpg}', NULL);
INSERT INTO tours."PublicCheckpoint" ("Id", "Longitude", "Latitude", "Name", "Description", "Pictures", "TourId") VALUES (-53, 19.4298, 43.7656, 'Nacionalni park Tara', 'Ouvana prirodna sredina sa bogatom florom i faunom', '{ch53.jpg}', NULL);
INSERT INTO tours."PublicCheckpoint" ("Id", "Longitude", "Latitude", "Name", "Description", "Pictures", "TourId") VALUES (-54, 19.531, 43.7993, 'Mitrovac', 'Izletite sa sportskim terenima i prirodnim ambijentom', '{ch54.jpg}', NULL);
INSERT INTO tours."PublicCheckpoint" ("Id", "Longitude", "Latitude", "Name", "Description", "Pictures", "TourId") VALUES (-55, 19.5467, 43.7861, 'Tara Adventure Park', 'Adrenalinski park sa zip-lajnovima i avanturistikim aktivnostima', '{ch55.jpg}', NULL);
INSERT INTO tours."PublicCheckpoint" ("Id", "Longitude", "Latitude", "Name", "Description", "Pictures", "TourId") VALUES (1, 20.469, 44.7984, 'Hram Svetog Save', 'Najveci i najvisi hram u Evropi!', '{https://encrypted-tbn0.gstatic.com/images?q=tbn:ANd9GcQDr-7cw6Ex9V72kRlYDx0ONVgTisY3ll0KZA&usqp=CAU}', NULL);
INSERT INTO tours."PublicCheckpoint" ("Id", "Longitude", "Latitude", "Name", "Description", "Pictures", "TourId") VALUES (2, 20.4252, 44.7953, 'Ada ciganlija', 'Prosetajte Adom', '{https://encrypted-tbn0.gstatic.com/images?q=tbn:ANd9GcShey81T0WiMceonS2hc6SQIqUXp20un3xcug&usqp=CAU}', NULL);
INSERT INTO tours."PublicCheckpoint" ("Id", "Longitude", "Latitude", "Name", "Description", "Pictures", "TourId") VALUES (3, 19.84241, 45.2446, 'Promenada', 'Najveci trzni centar u Novom Sadu', '{https://www.google.com/url?sa=i&url=https%3A%2F%2Ffirestopsistem.rs%2Ftc-promenada-novi-sad%2F&psig=AOvVaw0Q0-xhx6cZMtna2IJrxZ4k&ust=1697739067875000&source=images&cd=vfe&opi=89978449&ved=0CA8QjRxqFwoTCOjcuoKZgIIDFQAAAAAdAAAAABAD}', NULL);


--
-- TOC entry 5255 (class 0 OID 238579)
-- Dependencies: 258
-- Data for Name: PublicMapObjects; Type: TABLE DATA; Schema: tours; Owner: postgres
--

INSERT INTO tours."PublicMapObjects" ("Id", "Name", "Description", "PictureURL", "Category", "Longitude", "Latitude") VALUES (-1, 'MC Donalds', 'Brza hrana', 'url1.jpg', 1, 20.407541, 44.829212);
INSERT INTO tours."PublicMapObjects" ("Id", "Name", "Description", "PictureURL", "Category", "Longitude", "Latitude") VALUES (-2, 'Javni toalet', 'Javni toalet u centru Novog Sada', 'url2.jpg', 2, 19.844507, 45.25461);
INSERT INTO tours."PublicMapObjects" ("Id", "Name", "Description", "PictureURL", "Category", "Longitude", "Latitude") VALUES (-3, 'Pizzeria Adrijana', 'Najbolja pica u gradu!', 'url3.jpg', 3, 19.846392, 45.25585);
INSERT INTO tours."PublicMapObjects" ("Id", "Name", "Description", "PictureURL", "Category", "Longitude", "Latitude") VALUES (-4, 'Bookstore "Libro"', 'Veliki izbor knjiga za ljubitelje itanja', 'url4.jpg', 4, 20.46579, 44.80972);
INSERT INTO tours."PublicMapObjects" ("Id", "Name", "Description", "PictureURL", "Category", "Longitude", "Latitude") VALUES (-5, 'Benzinska pumpa', 'Najblia benzinska pumpa za dopunu goriva', 'url5.jpg', 5, 20.44879, 44.78822);
INSERT INTO tours."PublicMapObjects" ("Id", "Name", "Description", "PictureURL", "Category", "Longitude", "Latitude") VALUES (-6, 'Park Karaore', 'Oaza zelenila i rekreacije', 'url6.jpg', 6, 19.845594, 45.25953);
INSERT INTO tours."PublicMapObjects" ("Id", "Name", "Description", "PictureURL", "Category", "Longitude", "Latitude") VALUES (-7, 'Muzej savremene umetnosti', 'Izlobe domaih i internacionalnih umetnika', 'url7.jpg', 7, 19.826786, 45.242172);
INSERT INTO tours."PublicMapObjects" ("Id", "Name", "Description", "PictureURL", "Category", "Longitude", "Latitude") VALUES (-8, 'Sportski centar "Vojvodina"', 'Raznovrsni sportski tereni i objekti', 'url8.jpg', 8, 19.854504, 45.248013);
INSERT INTO tours."PublicMapObjects" ("Id", "Name", "Description", "PictureURL", "Category", "Longitude", "Latitude") VALUES (-9, 'Cveara "Blossom"', 'Svee cvee i aranmani za svaku priliku', 'url9.jpg', 9, 19.84873, 45.25791);
INSERT INTO tours."PublicMapObjects" ("Id", "Name", "Description", "PictureURL", "Category", "Longitude", "Latitude") VALUES (-10, 'Prodavnica sportske opreme', 'irok asortiman sportske opreme i odee', 'url10.jpg', 10, 20.440113, 44.80448);
INSERT INTO tours."PublicMapObjects" ("Id", "Name", "Description", "PictureURL", "Category", "Longitude", "Latitude") VALUES (-11, 'Kafi "Sunce"', 'Udoban kafi sa terasom i raznovrsnom ponudom', 'url11.jpg', 11, 20.470625, 44.81233);
INSERT INTO tours."PublicMapObjects" ("Id", "Name", "Description", "PictureURL", "Category", "Longitude", "Latitude") VALUES (-12, 'Vinoteka "Vino"', 'Bogat izbor vina domaih i svetskih vinarija', 'url12.jpg', 12, 19.82995, 45.25401);
INSERT INTO tours."PublicMapObjects" ("Id", "Name", "Description", "PictureURL", "Category", "Longitude", "Latitude") VALUES (1, 'MC Donalds', 'Brza hrana', 'url1.jpg', 1, 20.407541, 44.829212);
INSERT INTO tours."PublicMapObjects" ("Id", "Name", "Description", "PictureURL", "Category", "Longitude", "Latitude") VALUES (2, 'Javni toalet', 'Javni toalet u centru Novog Sada', 'url2.jpg', 2, 19.844507, 45.25461);
INSERT INTO tours."PublicMapObjects" ("Id", "Name", "Description", "PictureURL", "Category", "Longitude", "Latitude") VALUES (3, 'Pizzeria Adrijana', 'Najbolja pica u gradu!', 'url3.jpg', 3, 19.846392, 45.25585);


--
-- TOC entry 5269 (class 0 OID 238643)
-- Dependencies: 272
-- Data for Name: ReportedIssues; Type: TABLE DATA; Schema: tours; Owner: postgres
--

INSERT INTO tours."ReportedIssues" ("Id", "Category", "Description", "Priority", "Time", "TourId", "Deadline", "Closed", "Resolved", "TouristId", "Comments") VALUES (1, 'Financial', 'Payment not processed', 2, '2022-05-15 14:30:00+02', 1, NULL, false, false, 4, '[]');
INSERT INTO tours."ReportedIssues" ("Id", "Category", "Description", "Priority", "Time", "TourId", "Deadline", "Closed", "Resolved", "TouristId", "Comments") VALUES (2, 'Technical', 'App crashes on startup', 1, '2023-01-20 09:15:00+01', 1, NULL, false, false, 5, '[]');
INSERT INTO tours."ReportedIssues" ("Id", "Category", "Description", "Priority", "Time", "TourId", "Deadline", "Closed", "Resolved", "TouristId", "Comments") VALUES (3, 'Security', 'Unauthorized access to account', 1, '2023-04-05 19:30:00+02', 1, NULL, false, false, 5, '[]');
INSERT INTO tours."ReportedIssues" ("Id", "Category", "Description", "Priority", "Time", "TourId", "Deadline", "Closed", "Resolved", "TouristId", "Comments") VALUES (4, 'General', 'Request for information', 3, '2023-07-11 10:00:00+02', 2, NULL, false, false, 4, '[]');
INSERT INTO tours."ReportedIssues" ("Id", "Category", "Description", "Priority", "Time", "TourId", "Deadline", "Closed", "Resolved", "TouristId", "Comments") VALUES (5, 'Financial', 'Payment discrepancy', 2, '2023-09-22 17:45:00+02', 3, NULL, false, false, 4, '[]');
INSERT INTO tours."ReportedIssues" ("Id", "Category", "Description", "Priority", "Time", "TourId", "Deadline", "Closed", "Resolved", "TouristId", "Comments") VALUES (6, 'Cancellation', 'Need to cancel the booking', 3, '2023-06-30 08:00:00+02', 3, NULL, false, false, 5, '[]');
INSERT INTO tours."ReportedIssues" ("Id", "Category", "Description", "Priority", "Time", "TourId", "Deadline", "Closed", "Resolved", "TouristId", "Comments") VALUES (7, 'Non important', 'Wrong account', 2, '2023-11-03 17:45:00+01', 1, NULL, false, false, 2, '[]');
INSERT INTO tours."ReportedIssues" ("Id", "Category", "Description", "Priority", "Time", "TourId", "Deadline", "Closed", "Resolved", "TouristId", "Comments") VALUES (8, 'a', 'a', 2, '2023-12-27 23:42:23.731683+01', 4, NULL, false, false, 7, '[]');
INSERT INTO tours."ReportedIssues" ("Id", "Category", "Description", "Priority", "Time", "TourId", "Deadline", "Closed", "Resolved", "TouristId", "Comments") VALUES (9, 'a', 'a', 2, '2023-12-27 23:42:58.552214+01', 5, NULL, false, false, 7, '[]');
INSERT INTO tours."ReportedIssues" ("Id", "Category", "Description", "Priority", "Time", "TourId", "Deadline", "Closed", "Resolved", "TouristId", "Comments") VALUES (10, 'a', 'a', 3, '2023-12-27 23:45:13.469188+01', 6, NULL, false, false, 7, '[]');
INSERT INTO tours."ReportedIssues" ("Id", "Category", "Description", "Priority", "Time", "TourId", "Deadline", "Closed", "Resolved", "TouristId", "Comments") VALUES (11, 'baka', 'osa', 4, '2023-12-27 23:54:06.975927+01', 5, NULL, false, false, 7, '[]');
INSERT INTO tours."ReportedIssues" ("Id", "Category", "Description", "Priority", "Time", "TourId", "Deadline", "Closed", "Resolved", "TouristId", "Comments") VALUES (12, 'aaa', 'aa', 5, '2023-12-28 13:10:45.094534+01', 8, NULL, false, false, 7, '[]');


--
-- TOC entry 5257 (class 0 OID 238587)
-- Dependencies: 260
-- Data for Name: TourBundles; Type: TABLE DATA; Schema: tours; Owner: postgres
--



--
-- TOC entry 5270 (class 0 OID 238655)
-- Dependencies: 273
-- Data for Name: TourEquipment; Type: TABLE DATA; Schema: tours; Owner: postgres
--

INSERT INTO tours."TourEquipment" ("TourId", "EquipmentId") VALUES (1, 1);
INSERT INTO tours."TourEquipment" ("TourId", "EquipmentId") VALUES (2, 3);
INSERT INTO tours."TourEquipment" ("TourId", "EquipmentId") VALUES (2, 2);
INSERT INTO tours."TourEquipment" ("TourId", "EquipmentId") VALUES (3, 2);
INSERT INTO tours."TourEquipment" ("TourId", "EquipmentId") VALUES (8, 1);
INSERT INTO tours."TourEquipment" ("TourId", "EquipmentId") VALUES (14, 1);
INSERT INTO tours."TourEquipment" ("TourId", "EquipmentId") VALUES (14, 2);
INSERT INTO tours."TourEquipment" ("TourId", "EquipmentId") VALUES (16, 1);
INSERT INTO tours."TourEquipment" ("TourId", "EquipmentId") VALUES (1, -9);


--
-- TOC entry 5272 (class 0 OID 238671)
-- Dependencies: 275
-- Data for Name: TourExecution; Type: TABLE DATA; Schema: tours; Owner: postgres
--

INSERT INTO tours."TourExecution" ("Id", "TouristId", "TourId", "Start", "LastActivity", "ExecutionStatus") VALUES (5, 5, 5, '2023-11-20 14:00:00+01', '2023-11-20 14:00:00+01', 2);
INSERT INTO tours."TourExecution" ("Id", "TouristId", "TourId", "Start", "LastActivity", "ExecutionStatus") VALUES (6, 5, 6, '2023-11-20 14:00:00+01', '2023-11-20 14:00:00+01', 2);
INSERT INTO tours."TourExecution" ("Id", "TouristId", "TourId", "Start", "LastActivity", "ExecutionStatus") VALUES (1, 5, 1, '2023-11-20 14:00:00+01', '2023-11-20 14:00:00+01', 1);
INSERT INTO tours."TourExecution" ("Id", "TouristId", "TourId", "Start", "LastActivity", "ExecutionStatus") VALUES (2, 5, 2, '2023-11-20 14:00:00+01', '2023-11-20 14:00:00+01', 1);
INSERT INTO tours."TourExecution" ("Id", "TouristId", "TourId", "Start", "LastActivity", "ExecutionStatus") VALUES (3, 5, 3, '2023-11-20 14:00:00+01', '2023-11-20 14:00:00+01', 1);
INSERT INTO tours."TourExecution" ("Id", "TouristId", "TourId", "Start", "LastActivity", "ExecutionStatus") VALUES (4, 5, 4, '2023-11-20 14:00:00+01', '2023-11-20 14:00:00+01', 0);


--
-- TOC entry 5261 (class 0 OID 238601)
-- Dependencies: 264
-- Data for Name: TourPreference; Type: TABLE DATA; Schema: tours; Owner: postgres
--

INSERT INTO tours."TourPreference" ("Id", "CreatorId", "Difficulty", "Walk", "Bike", "Car", "Boat", "Tags") VALUES (-1, -11, 1, 1, 1, 1, 1, '{#streetfood,#art}');
INSERT INTO tours."TourPreference" ("Id", "CreatorId", "Difficulty", "Walk", "Bike", "Car", "Boat", "Tags") VALUES (-2, -12, 0, 0, 0, 0, 0, '{#streetfood,#art}');
INSERT INTO tours."TourPreference" ("Id", "CreatorId", "Difficulty", "Walk", "Bike", "Car", "Boat", "Tags") VALUES (-3, -13, 2, 0, 0, 0, 0, '{#streetfood,#art}');
INSERT INTO tours."TourPreference" ("Id", "CreatorId", "Difficulty", "Walk", "Bike", "Car", "Boat", "Tags") VALUES (-4, -14, 1, 1, 1, 1, 1, '{#nature,#hiking}');
INSERT INTO tours."TourPreference" ("Id", "CreatorId", "Difficulty", "Walk", "Bike", "Car", "Boat", "Tags") VALUES (-5, -15, 2, 0, 0, 0, 0, '{#history,#culture}');
INSERT INTO tours."TourPreference" ("Id", "CreatorId", "Difficulty", "Walk", "Bike", "Car", "Boat", "Tags") VALUES (-6, -16, 0, 1, 0, 0, 0, '{#cycling,#adventure}');
INSERT INTO tours."TourPreference" ("Id", "CreatorId", "Difficulty", "Walk", "Bike", "Car", "Boat", "Tags") VALUES (-7, -17, 1, 1, 0, 1, 0, '{#architecture,#urban}');
INSERT INTO tours."TourPreference" ("Id", "CreatorId", "Difficulty", "Walk", "Bike", "Car", "Boat", "Tags") VALUES (-8, -18, 2, 0, 1, 0, 0, '{#mountains,#outdoor}');
INSERT INTO tours."TourPreference" ("Id", "CreatorId", "Difficulty", "Walk", "Bike", "Car", "Boat", "Tags") VALUES (-9, -19, 0, 0, 0, 1, 1, '{#water,#boating}');
INSERT INTO tours."TourPreference" ("Id", "CreatorId", "Difficulty", "Walk", "Bike", "Car", "Boat", "Tags") VALUES (-10, -20, 1, 1, 0, 0, 0, '{#foodie,#local}');
INSERT INTO tours."TourPreference" ("Id", "CreatorId", "Difficulty", "Walk", "Bike", "Car", "Boat", "Tags") VALUES (-11, -21, 2, 0, 1, 0, 0, '{#beach,#sun}');
INSERT INTO tours."TourPreference" ("Id", "CreatorId", "Difficulty", "Walk", "Bike", "Car", "Boat", "Tags") VALUES (-12, -22, 0, 0, 1, 0, 0, '{#winery,#vineyard}');
INSERT INTO tours."TourPreference" ("Id", "CreatorId", "Difficulty", "Walk", "Bike", "Car", "Boat", "Tags") VALUES (-13, -23, 1, 1, 0, 0, 0, '{#wildlife,#safari}');
INSERT INTO tours."TourPreference" ("Id", "CreatorId", "Difficulty", "Walk", "Bike", "Car", "Boat", "Tags") VALUES (-14, -24, 2, 0, 0, 1, 0, '{#cityscape,#skyscrapers}');
INSERT INTO tours."TourPreference" ("Id", "CreatorId", "Difficulty", "Walk", "Bike", "Car", "Boat", "Tags") VALUES (-15, -25, 0, 0, 1, 0, 0, '{#skiing,#snow}');
INSERT INTO tours."TourPreference" ("Id", "CreatorId", "Difficulty", "Walk", "Bike", "Car", "Boat", "Tags") VALUES (-16, -26, 1, 1, 0, 0, 0, '{#festivals,#music}');
INSERT INTO tours."TourPreference" ("Id", "CreatorId", "Difficulty", "Walk", "Bike", "Car", "Boat", "Tags") VALUES (-17, -27, 2, 0, 1, 0, 0, '{#camping,#outdoorlife}');
INSERT INTO tours."TourPreference" ("Id", "CreatorId", "Difficulty", "Walk", "Bike", "Car", "Boat", "Tags") VALUES (-18, -28, 0, 1, 0, 0, 0, '{#gardens,#flowers}');
INSERT INTO tours."TourPreference" ("Id", "CreatorId", "Difficulty", "Walk", "Bike", "Car", "Boat", "Tags") VALUES (-19, -29, 1, 0, 0, 0, 1, '{#islands,#seaside}');
INSERT INTO tours."TourPreference" ("Id", "CreatorId", "Difficulty", "Walk", "Bike", "Car", "Boat", "Tags") VALUES (-20, -30, 2, 0, 0, 0, 0, '{#shopping,#markets}');
INSERT INTO tours."TourPreference" ("Id", "CreatorId", "Difficulty", "Walk", "Bike", "Car", "Boat", "Tags") VALUES (1, 3, 1, 1, 1, 1, 1, '{#streetfood,#art}');
INSERT INTO tours."TourPreference" ("Id", "CreatorId", "Difficulty", "Walk", "Bike", "Car", "Boat", "Tags") VALUES (2, 4, 0, 0, 0, 0, 0, '{#streetfood,#art}');
INSERT INTO tours."TourPreference" ("Id", "CreatorId", "Difficulty", "Walk", "Bike", "Car", "Boat", "Tags") VALUES (3, 5, 2, 0, 0, 0, 0, '{#streetfood,#art}');
INSERT INTO tours."TourPreference" ("Id", "CreatorId", "Difficulty", "Walk", "Bike", "Car", "Boat", "Tags") VALUES (12, 7, 1, 3, 1, 2, 1, '{a,b}');


--
-- TOC entry 5274 (class 0 OID 238682)
-- Dependencies: 277
-- Data for Name: TourRating; Type: TABLE DATA; Schema: tours; Owner: postgres
--

INSERT INTO tours."TourRating" ("Id", "Rating", "Comment", "TouristId", "TourId", "TourDate", "CreationDate", "ImageNames") VALUES (5, 2, 'h jkn', 5, 5, '2023-11-20 14:00:00+01', '2023-11-20 16:00:00+01', '{}');
INSERT INTO tours."TourRating" ("Id", "Rating", "Comment", "TouristId", "TourId", "TourDate", "CreationDate", "ImageNames") VALUES (6, 3, 'ghjbonj', 5, 6, '2023-11-20 14:00:00+01', '2023-11-20 16:00:00+01', '{}');
INSERT INTO tours."TourRating" ("Id", "Rating", "Comment", "TouristId", "TourId", "TourDate", "CreationDate", "ImageNames") VALUES (3, 4, 'cghvjb', 5, 3, '2023-11-20 14:00:00+01', '2023-11-20 16:00:00+01', '{}');
INSERT INTO tours."TourRating" ("Id", "Rating", "Comment", "TouristId", "TourId", "TourDate", "CreationDate", "ImageNames") VALUES (4, 3, 'hcjvhkbn', 5, 4, '2023-11-20 14:00:00+01', '2023-11-20 16:00:00+01', '{}');
INSERT INTO tours."TourRating" ("Id", "Rating", "Comment", "TouristId", "TourId", "TourDate", "CreationDate", "ImageNames") VALUES (2, 5, 'gxfchvjbk', 5, 2, '2023-11-20 14:00:00+01', '2023-11-20 16:00:00+01', '{}');
INSERT INTO tours."TourRating" ("Id", "Rating", "Comment", "TouristId", "TourId", "TourDate", "CreationDate", "ImageNames") VALUES (1, 5, 'vbyfgjhkj', 5, 1, '2023-11-20 14:00:00+01', '2023-11-20 16:00:00+01', '{}');


--
-- TOC entry 5275 (class 0 OID 238694)
-- Dependencies: 278
-- Data for Name: TourTourBundles; Type: TABLE DATA; Schema: tours; Owner: postgres
--



--
-- TOC entry 5259 (class 0 OID 238595)
-- Dependencies: 262
-- Data for Name: TouristPosition; Type: TABLE DATA; Schema: tours; Owner: postgres
--

INSERT INTO tours."TouristPosition" ("Id", "CreatorId", "Longitude", "Latitude") VALUES (-12, -12, 45, 45);
INSERT INTO tours."TouristPosition" ("Id", "CreatorId", "Longitude", "Latitude") VALUES (-13, -13, 45, 45);
INSERT INTO tours."TouristPosition" ("Id", "CreatorId", "Longitude", "Latitude") VALUES (-14, -14, 45, 45);
INSERT INTO tours."TouristPosition" ("Id", "CreatorId", "Longitude", "Latitude") VALUES (-15, -15, 45, 45);
INSERT INTO tours."TouristPosition" ("Id", "CreatorId", "Longitude", "Latitude") VALUES (-16, -16, 45, 45);
INSERT INTO tours."TouristPosition" ("Id", "CreatorId", "Longitude", "Latitude") VALUES (-17, -17, 45, 45);
INSERT INTO tours."TouristPosition" ("Id", "CreatorId", "Longitude", "Latitude") VALUES (-18, -18, 45, 45);
INSERT INTO tours."TouristPosition" ("Id", "CreatorId", "Longitude", "Latitude") VALUES (-19, -19, 45, 45);
INSERT INTO tours."TouristPosition" ("Id", "CreatorId", "Longitude", "Latitude") VALUES (-20, -20, 45, 45);
INSERT INTO tours."TouristPosition" ("Id", "CreatorId", "Longitude", "Latitude") VALUES (-21, -21, 45, 45);
INSERT INTO tours."TouristPosition" ("Id", "CreatorId", "Longitude", "Latitude") VALUES (-22, -22, 45, 45);
INSERT INTO tours."TouristPosition" ("Id", "CreatorId", "Longitude", "Latitude") VALUES (-23, -23, 45, 45);
INSERT INTO tours."TouristPosition" ("Id", "CreatorId", "Longitude", "Latitude") VALUES (-24, -24, 45, 45);
INSERT INTO tours."TouristPosition" ("Id", "CreatorId", "Longitude", "Latitude") VALUES (-25, -25, 45, 45);
INSERT INTO tours."TouristPosition" ("Id", "CreatorId", "Longitude", "Latitude") VALUES (-26, -26, 45, 45);
INSERT INTO tours."TouristPosition" ("Id", "CreatorId", "Longitude", "Latitude") VALUES (-27, -27, 45, 45);
INSERT INTO tours."TouristPosition" ("Id", "CreatorId", "Longitude", "Latitude") VALUES (-28, -28, 45, 45);
INSERT INTO tours."TouristPosition" ("Id", "CreatorId", "Longitude", "Latitude") VALUES (-29, -29, 45, 45);
INSERT INTO tours."TouristPosition" ("Id", "CreatorId", "Longitude", "Latitude") VALUES (-30, -30, 45, 45);
INSERT INTO tours."TouristPosition" ("Id", "CreatorId", "Longitude", "Latitude") VALUES (6, -11, 19.832253, 45.24531);
INSERT INTO tours."TouristPosition" ("Id", "CreatorId", "Longitude", "Latitude") VALUES (12, 7, 19.841301, 45.243393);
INSERT INTO tours."TouristPosition" ("Id", "CreatorId", "Longitude", "Latitude") VALUES (15, 8, 19.862503, 45.235275);
INSERT INTO tours."TouristPosition" ("Id", "CreatorId", "Longitude", "Latitude") VALUES (19, 3, 19.892164, 45.22615);


--
-- TOC entry 5263 (class 0 OID 238609)
-- Dependencies: 266
-- Data for Name: Tours; Type: TABLE DATA; Schema: tours; Owner: postgres
--

INSERT INTO tours."Tours" ("Id", "AuthorId", "Name", "Description", "DemandignessLevel", "Status", "Price", "Tags", "PublishedTours", "ArchivedTours", "TourTimes", "Closed") VALUES (5, 1, 'Tura 5', 'Tura 5', 0, 1, 100, '{tag}', '[{"PublishingDate": "2023-11-24T16:08:01.5601388Z"}]', '[]', '[{"Distance": 2366.539, "TimeInSeconds": 27309.303, "Transportation": 0}, {"Distance": 2427.5, "TimeInSeconds": 26304.7, "Transportation": 2}, {"Distance": 3398.152, "TimeInSeconds": 26199.161, "Transportation": 1}]', false);
INSERT INTO tours."Tours" ("Id", "AuthorId", "Name", "Description", "DemandignessLevel", "Status", "Price", "Tags", "PublishedTours", "ArchivedTours", "TourTimes", "Closed") VALUES (6, 1, 'Tour 6', 'tura 6', 0, 1, 100, '{tag}', '[{"PublishingDate": "2023-11-24T16:10:12.5800496Z"}]', '[]', '[{"Distance": 1583.6, "TimeInSeconds": 40714.3, "Transportation": 2}]', false);
INSERT INTO tours."Tours" ("Id", "AuthorId", "Name", "Description", "DemandignessLevel", "Status", "Price", "Tags", "PublishedTours", "ArchivedTours", "TourTimes", "Closed") VALUES (7, 6, 'Turongija', 'Baaaaaaka', 1, 0, 25, '{bleja,mleja}', '[]', '[]', '[]', false);
INSERT INTO tours."Tours" ("Id", "AuthorId", "Name", "Description", "DemandignessLevel", "Status", "Price", "Tags", "PublishedTours", "ArchivedTours", "TourTimes", "Closed") VALUES (3, 1, 'Tura 3', 'tura 3 je jos bolja', 1, 1, 200, '{tag}', '[]', '[]', '[{"Distance": 1551.026, "TimeInSeconds": 52341.273, "Transportation": 0}, {"Distance": 1590.311, "TimeInSeconds": 25935.168, "Transportation": 1}]', false);
INSERT INTO tours."Tours" ("Id", "AuthorId", "Name", "Description", "DemandignessLevel", "Status", "Price", "Tags", "PublishedTours", "ArchivedTours", "TourTimes", "Closed") VALUES (8, 1, 'a', 'a', 0, 1, 20, '{a}', '[{"PublishingDate": "2023-12-26T19:10:01.6831794Z"}]', '[]', '[{"Distance": 7719.466, "TimeInSeconds": 12616.518, "Transportation": 0}]', false);
INSERT INTO tours."Tours" ("Id", "AuthorId", "Name", "Description", "DemandignessLevel", "Status", "Price", "Tags", "PublishedTours", "ArchivedTours", "TourTimes", "Closed") VALUES (9, 6, 'a', 'a', 1, 0, 20, '{a}', '[]', '[]', '[]', false);
INSERT INTO tours."Tours" ("Id", "AuthorId", "Name", "Description", "DemandignessLevel", "Status", "Price", "Tags", "PublishedTours", "ArchivedTours", "TourTimes", "Closed") VALUES (10, 9, 'A', 'A', 0, 0, 12, '{a}', '[]', '[]', '[]', false);
INSERT INTO tours."Tours" ("Id", "AuthorId", "Name", "Description", "DemandignessLevel", "Status", "Price", "Tags", "PublishedTours", "ArchivedTours", "TourTimes", "Closed") VALUES (11, 6, 'arta', 'psa', 0, 0, 0, '{baka}', '[]', '[]', '[]', false);
INSERT INTO tours."Tours" ("Id", "AuthorId", "Name", "Description", "DemandignessLevel", "Status", "Price", "Tags", "PublishedTours", "ArchivedTours", "TourTimes", "Closed") VALUES (12, 11, 'a', 'a', 0, 0, 0, '{a}', '[]', '[]', '[]', false);
INSERT INTO tours."Tours" ("Id", "AuthorId", "Name", "Description", "DemandignessLevel", "Status", "Price", "Tags", "PublishedTours", "ArchivedTours", "TourTimes", "Closed") VALUES (13, 12, 'a', 'a', 0, 0, 0, '{a}', '[]', '[]', '[]', false);
INSERT INTO tours."Tours" ("Id", "AuthorId", "Name", "Description", "DemandignessLevel", "Status", "Price", "Tags", "PublishedTours", "ArchivedTours", "TourTimes", "Closed") VALUES (1, 1, 'Tura 1', 'Tura 1 je ubedljivo najbolja', 0, 1, 100, '{ns,serbia}', '[]', '[]', '[{"Distance": 13318.7, "TimeInSeconds": 22285.5, "Transportation": 2}, {"Distance": 12848.202, "TimeInSeconds": 27379.516, "Transportation": 0}, {"Distance": 16761.092, "TimeInSeconds": 20539.186, "Transportation": 1}]', false);
INSERT INTO tours."Tours" ("Id", "AuthorId", "Name", "Description", "DemandignessLevel", "Status", "Price", "Tags", "PublishedTours", "ArchivedTours", "TourTimes", "Closed") VALUES (14, 1, 'ar', 'ar', 0, 0, 0, '{a}', '[]', '[]', '[{"Distance": 5649.362, "TimeInSeconds": 4353.442, "Transportation": 1}]', false);
INSERT INTO tours."Tours" ("Id", "AuthorId", "Name", "Description", "DemandignessLevel", "Status", "Price", "Tags", "PublishedTours", "ArchivedTours", "TourTimes", "Closed") VALUES (15, 6, 'a', 'a', 0, 0, 0, '{a}', '[]', '[]', '[]', false);
INSERT INTO tours."Tours" ("Id", "AuthorId", "Name", "Description", "DemandignessLevel", "Status", "Price", "Tags", "PublishedTours", "ArchivedTours", "TourTimes", "Closed") VALUES (16, 1, 'bob', 'afasfas', 0, 0, 0, '{aa}', '[]', '[]', '[]', false);
INSERT INTO tours."Tours" ("Id", "AuthorId", "Name", "Description", "DemandignessLevel", "Status", "Price", "Tags", "PublishedTours", "ArchivedTours", "TourTimes", "Closed") VALUES (2, 1, 'grondgno', 'abakusno', 1, 0, 0, '{bgovno,sisa,osa,"deda orah"}', '[]', '[]', '[]', false);
INSERT INTO tours."Tours" ("Id", "AuthorId", "Name", "Description", "DemandignessLevel", "Status", "Price", "Tags", "PublishedTours", "ArchivedTours", "TourTimes", "Closed") VALUES (4, 1, 'Tura 4', 'Tura 4 kida', 0, 1, 100, '{tag}', '[]', '[]', '[{"Distance": 2305.382, "TimeInSeconds": 37876.281, "Transportation": 1}, {"Distance": 2210.895, "TimeInSeconds": 39099.04, "Transportation": 0}, {"Distance": 2312.7, "TimeInSeconds": 19399.4, "Transportation": 2}]', false);


--
-- TOC entry 5245 (class 0 OID 238541)
-- Dependencies: 248
-- Data for Name: __EFMigrationsHistory; Type: TABLE DATA; Schema: tours; Owner: postgres
--

INSERT INTO tours."__EFMigrationsHistory" ("MigrationId", "ProductVersion") VALUES ('20231224175500_Init', '7.0.12');


--
-- TOC entry 5310 (class 0 OID 0)
-- Dependencies: 282
-- Name: BlogPosts_Id_seq; Type: SEQUENCE SET; Schema: blog; Owner: postgres
--

SELECT pg_catalog.setval('blog."BlogPosts_Id_seq"', 1, false);


--
-- TOC entry 5311 (class 0 OID 0)
-- Dependencies: 289
-- Name: EncounterExecution_Id_seq; Type: SEQUENCE SET; Schema: encounters; Owner: postgres
--

SELECT pg_catalog.setval('encounters."EncounterExecution_Id_seq"', 1, false);


--
-- TOC entry 5312 (class 0 OID 0)
-- Dependencies: 287
-- Name: EncounterRequests_Id_seq; Type: SEQUENCE SET; Schema: encounters; Owner: postgres
--

SELECT pg_catalog.setval('encounters."EncounterRequests_Id_seq"', 1, false);


--
-- TOC entry 5313 (class 0 OID 0)
-- Dependencies: 285
-- Name: Encounter_Id_seq; Type: SEQUENCE SET; Schema: encounters; Owner: postgres
--

SELECT pg_catalog.setval('encounters."Encounter_Id_seq"', 1, false);


--
-- TOC entry 5314 (class 0 OID 0)
-- Dependencies: 294
-- Name: Coupons_Id_seq; Type: SEQUENCE SET; Schema: payments; Owner: postgres
--

SELECT pg_catalog.setval('payments."Coupons_Id_seq"', 1, false);


--
-- TOC entry 5315 (class 0 OID 0)
-- Dependencies: 296
-- Name: Items_Id_seq; Type: SEQUENCE SET; Schema: payments; Owner: postgres
--

SELECT pg_catalog.setval('payments."Items_Id_seq"', 1, true);


--
-- TOC entry 5316 (class 0 OID 0)
-- Dependencies: 298
-- Name: PaymentRecords_Id_seq; Type: SEQUENCE SET; Schema: payments; Owner: postgres
--

SELECT pg_catalog.setval('payments."PaymentRecords_Id_seq"', 1, false);


--
-- TOC entry 5317 (class 0 OID 0)
-- Dependencies: 300
-- Name: PurchaseTokens_Id_seq; Type: SEQUENCE SET; Schema: payments; Owner: postgres
--

SELECT pg_catalog.setval('payments."PurchaseTokens_Id_seq"', 1, false);


--
-- TOC entry 5318 (class 0 OID 0)
-- Dependencies: 302
-- Name: Sales_Id_seq; Type: SEQUENCE SET; Schema: payments; Owner: postgres
--

SELECT pg_catalog.setval('payments."Sales_Id_seq"', 1, false);


--
-- TOC entry 5319 (class 0 OID 0)
-- Dependencies: 304
-- Name: ShoppingCarts_Id_seq; Type: SEQUENCE SET; Schema: payments; Owner: postgres
--

SELECT pg_catalog.setval('payments."ShoppingCarts_Id_seq"', 1, false);


--
-- TOC entry 5320 (class 0 OID 0)
-- Dependencies: 306
-- Name: TouristWallets_Id_seq; Type: SEQUENCE SET; Schema: payments; Owner: postgres
--

SELECT pg_catalog.setval('payments."TouristWallets_Id_seq"', 1, false);


--
-- TOC entry 5321 (class 0 OID 0)
-- Dependencies: 220
-- Name: ApplicationGrades_Id_seq; Type: SEQUENCE SET; Schema: stakeholders; Owner: postgres
--

SELECT pg_catalog.setval('stakeholders."ApplicationGrades_Id_seq"', 3, true);


--
-- TOC entry 5322 (class 0 OID 0)
-- Dependencies: 222
-- Name: CheckpointRequests_Id_seq; Type: SEQUENCE SET; Schema: stakeholders; Owner: postgres
--

SELECT pg_catalog.setval('stakeholders."CheckpointRequests_Id_seq"', 3, true);


--
-- TOC entry 5323 (class 0 OID 0)
-- Dependencies: 224
-- Name: ClubInvitations_Id_seq; Type: SEQUENCE SET; Schema: stakeholders; Owner: postgres
--

SELECT pg_catalog.setval('stakeholders."ClubInvitations_Id_seq"', 1, false);


--
-- TOC entry 5324 (class 0 OID 0)
-- Dependencies: 226
-- Name: Clubs_Id_seq; Type: SEQUENCE SET; Schema: stakeholders; Owner: postgres
--

SELECT pg_catalog.setval('stakeholders."Clubs_Id_seq"', 1, false);


--
-- TOC entry 5325 (class 0 OID 0)
-- Dependencies: 228
-- Name: Messages_Id_seq; Type: SEQUENCE SET; Schema: stakeholders; Owner: postgres
--

SELECT pg_catalog.setval('stakeholders."Messages_Id_seq"', 1, false);


--
-- TOC entry 5326 (class 0 OID 0)
-- Dependencies: 239
-- Name: Notifications_Id_seq; Type: SEQUENCE SET; Schema: stakeholders; Owner: postgres
--

SELECT pg_catalog.setval('stakeholders."Notifications_Id_seq"', 1, true);


--
-- TOC entry 5327 (class 0 OID 0)
-- Dependencies: 230
-- Name: ObjectRequests_Id_seq; Type: SEQUENCE SET; Schema: stakeholders; Owner: postgres
--

SELECT pg_catalog.setval('stakeholders."ObjectRequests_Id_seq"', 2, true);


--
-- TOC entry 5328 (class 0 OID 0)
-- Dependencies: 241
-- Name: People_Id_seq; Type: SEQUENCE SET; Schema: stakeholders; Owner: postgres
--

SELECT pg_catalog.setval('stakeholders."People_Id_seq"', 2, true);


--
-- TOC entry 5329 (class 0 OID 0)
-- Dependencies: 232
-- Name: Requests_Id_seq; Type: SEQUENCE SET; Schema: stakeholders; Owner: postgres
--

SELECT pg_catalog.setval('stakeholders."Requests_Id_seq"', 1, false);


--
-- TOC entry 5330 (class 0 OID 0)
-- Dependencies: 243
-- Name: SocialProfiles_Id_seq; Type: SEQUENCE SET; Schema: stakeholders; Owner: postgres
--

SELECT pg_catalog.setval('stakeholders."SocialProfiles_Id_seq"', 7, true);


--
-- TOC entry 5331 (class 0 OID 0)
-- Dependencies: 234
-- Name: Users_Id_seq; Type: SEQUENCE SET; Schema: stakeholders; Owner: postgres
--

SELECT pg_catalog.setval('stakeholders."Users_Id_seq"', 12, true);


--
-- TOC entry 5332 (class 0 OID 0)
-- Dependencies: 236
-- Name: VerificationTokens_Id_seq; Type: SEQUENCE SET; Schema: stakeholders; Owner: postgres
--

SELECT pg_catalog.setval('stakeholders."VerificationTokens_Id_seq"', 1, false);


--
-- TOC entry 5333 (class 0 OID 0)
-- Dependencies: 279
-- Name: CheckpointCompletition_Id_seq; Type: SEQUENCE SET; Schema: tours; Owner: postgres
--

SELECT pg_catalog.setval('tours."CheckpointCompletition_Id_seq"', 1, false);


--
-- TOC entry 5334 (class 0 OID 0)
-- Dependencies: 267
-- Name: Checkpoints_Id_seq; Type: SEQUENCE SET; Schema: tours; Owner: postgres
--

SELECT pg_catalog.setval('tours."Checkpoints_Id_seq"', 19, true);


--
-- TOC entry 5335 (class 0 OID 0)
-- Dependencies: 249
-- Name: CompositeTours_Id_seq; Type: SEQUENCE SET; Schema: tours; Owner: postgres
--

SELECT pg_catalog.setval('tours."CompositeTours_Id_seq"', 1, false);


--
-- TOC entry 5336 (class 0 OID 0)
-- Dependencies: 251
-- Name: Equipment_Id_seq; Type: SEQUENCE SET; Schema: tours; Owner: postgres
--

SELECT pg_catalog.setval('tours."Equipment_Id_seq"', 1, false);


--
-- TOC entry 5337 (class 0 OID 0)
-- Dependencies: 253
-- Name: MapObjects_Id_seq; Type: SEQUENCE SET; Schema: tours; Owner: postgres
--

SELECT pg_catalog.setval('tours."MapObjects_Id_seq"', 1, false);


--
-- TOC entry 5338 (class 0 OID 0)
-- Dependencies: 255
-- Name: PrivateTours_Id_seq; Type: SEQUENCE SET; Schema: tours; Owner: postgres
--

SELECT pg_catalog.setval('tours."PrivateTours_Id_seq"', 1, false);


--
-- TOC entry 5339 (class 0 OID 0)
-- Dependencies: 269
-- Name: PublicCheckpoint_Id_seq; Type: SEQUENCE SET; Schema: tours; Owner: postgres
--

SELECT pg_catalog.setval('tours."PublicCheckpoint_Id_seq"', 1, false);


--
-- TOC entry 5340 (class 0 OID 0)
-- Dependencies: 257
-- Name: PublicMapObjects_Id_seq; Type: SEQUENCE SET; Schema: tours; Owner: postgres
--

SELECT pg_catalog.setval('tours."PublicMapObjects_Id_seq"', 1, false);


--
-- TOC entry 5341 (class 0 OID 0)
-- Dependencies: 271
-- Name: ReportedIssues_Id_seq; Type: SEQUENCE SET; Schema: tours; Owner: postgres
--

SELECT pg_catalog.setval('tours."ReportedIssues_Id_seq"', 12, true);


--
-- TOC entry 5342 (class 0 OID 0)
-- Dependencies: 259
-- Name: TourBundles_Id_seq; Type: SEQUENCE SET; Schema: tours; Owner: postgres
--

SELECT pg_catalog.setval('tours."TourBundles_Id_seq"', 1, false);


--
-- TOC entry 5343 (class 0 OID 0)
-- Dependencies: 274
-- Name: TourExecution_Id_seq; Type: SEQUENCE SET; Schema: tours; Owner: postgres
--

SELECT pg_catalog.setval('tours."TourExecution_Id_seq"', 1, false);


--
-- TOC entry 5344 (class 0 OID 0)
-- Dependencies: 263
-- Name: TourPreference_Id_seq; Type: SEQUENCE SET; Schema: tours; Owner: postgres
--

SELECT pg_catalog.setval('tours."TourPreference_Id_seq"', 12, true);


--
-- TOC entry 5345 (class 0 OID 0)
-- Dependencies: 276
-- Name: TourRating_Id_seq; Type: SEQUENCE SET; Schema: tours; Owner: postgres
--

SELECT pg_catalog.setval('tours."TourRating_Id_seq"', 1, false);


--
-- TOC entry 5346 (class 0 OID 0)
-- Dependencies: 261
-- Name: TouristPosition_Id_seq; Type: SEQUENCE SET; Schema: tours; Owner: postgres
--

SELECT pg_catalog.setval('tours."TouristPosition_Id_seq"', 19, true);


--
-- TOC entry 5347 (class 0 OID 0)
-- Dependencies: 265
-- Name: Tours_Id_seq; Type: SEQUENCE SET; Schema: tours; Owner: postgres
--

SELECT pg_catalog.setval('tours."Tours_Id_seq"', 16, true);


--
-- TOC entry 5017 (class 2606 OID 238740)
-- Name: BlogPosts PK_BlogPosts; Type: CONSTRAINT; Schema: blog; Owner: postgres
--

ALTER TABLE ONLY blog."BlogPosts"
    ADD CONSTRAINT "PK_BlogPosts" PRIMARY KEY ("Id");


--
-- TOC entry 5015 (class 2606 OID 238732)
-- Name: __EFMigrationsHistory PK___EFMigrationsHistory; Type: CONSTRAINT; Schema: blog; Owner: postgres
--

ALTER TABLE ONLY blog."__EFMigrationsHistory"
    ADD CONSTRAINT "PK___EFMigrationsHistory" PRIMARY KEY ("MigrationId");


--
-- TOC entry 5021 (class 2606 OID 238812)
-- Name: Encounter PK_Encounter; Type: CONSTRAINT; Schema: encounters; Owner: postgres
--

ALTER TABLE ONLY encounters."Encounter"
    ADD CONSTRAINT "PK_Encounter" PRIMARY KEY ("Id");


--
-- TOC entry 5026 (class 2606 OID 238824)
-- Name: EncounterExecution PK_EncounterExecution; Type: CONSTRAINT; Schema: encounters; Owner: postgres
--

ALTER TABLE ONLY encounters."EncounterExecution"
    ADD CONSTRAINT "PK_EncounterExecution" PRIMARY KEY ("Id");


--
-- TOC entry 5023 (class 2606 OID 238818)
-- Name: EncounterRequests PK_EncounterRequests; Type: CONSTRAINT; Schema: encounters; Owner: postgres
--

ALTER TABLE ONLY encounters."EncounterRequests"
    ADD CONSTRAINT "PK_EncounterRequests" PRIMARY KEY ("Id");


--
-- TOC entry 5028 (class 2606 OID 238836)
-- Name: HiddenLocationEncounter PK_HiddenLocationEncounter; Type: CONSTRAINT; Schema: encounters; Owner: postgres
--

ALTER TABLE ONLY encounters."HiddenLocationEncounter"
    ADD CONSTRAINT "PK_HiddenLocationEncounter" PRIMARY KEY ("Id");


--
-- TOC entry 5030 (class 2606 OID 238848)
-- Name: SocialEncounter PK_SocialEncounter; Type: CONSTRAINT; Schema: encounters; Owner: postgres
--

ALTER TABLE ONLY encounters."SocialEncounter"
    ADD CONSTRAINT "PK_SocialEncounter" PRIMARY KEY ("Id");


--
-- TOC entry 5019 (class 2606 OID 238804)
-- Name: __EFMigrationsHistory PK___EFMigrationsHistory; Type: CONSTRAINT; Schema: encounters; Owner: postgres
--

ALTER TABLE ONLY encounters."__EFMigrationsHistory"
    ADD CONSTRAINT "PK___EFMigrationsHistory" PRIMARY KEY ("MigrationId");


--
-- TOC entry 5035 (class 2606 OID 246568)
-- Name: Coupons PK_Coupons; Type: CONSTRAINT; Schema: payments; Owner: postgres
--

ALTER TABLE ONLY payments."Coupons"
    ADD CONSTRAINT "PK_Coupons" PRIMARY KEY ("Id");


--
-- TOC entry 5038 (class 2606 OID 246576)
-- Name: Items PK_Items; Type: CONSTRAINT; Schema: payments; Owner: postgres
--

ALTER TABLE ONLY payments."Items"
    ADD CONSTRAINT "PK_Items" PRIMARY KEY ("Id");


--
-- TOC entry 5040 (class 2606 OID 246582)
-- Name: PaymentRecords PK_PaymentRecords; Type: CONSTRAINT; Schema: payments; Owner: postgres
--

ALTER TABLE ONLY payments."PaymentRecords"
    ADD CONSTRAINT "PK_PaymentRecords" PRIMARY KEY ("Id");


--
-- TOC entry 5043 (class 2606 OID 246588)
-- Name: PurchaseTokens PK_PurchaseTokens; Type: CONSTRAINT; Schema: payments; Owner: postgres
--

ALTER TABLE ONLY payments."PurchaseTokens"
    ADD CONSTRAINT "PK_PurchaseTokens" PRIMARY KEY ("Id");


--
-- TOC entry 5045 (class 2606 OID 246596)
-- Name: Sales PK_Sales; Type: CONSTRAINT; Schema: payments; Owner: postgres
--

ALTER TABLE ONLY payments."Sales"
    ADD CONSTRAINT "PK_Sales" PRIMARY KEY ("Id");


--
-- TOC entry 5047 (class 2606 OID 246604)
-- Name: ShoppingCarts PK_ShoppingCarts; Type: CONSTRAINT; Schema: payments; Owner: postgres
--

ALTER TABLE ONLY payments."ShoppingCarts"
    ADD CONSTRAINT "PK_ShoppingCarts" PRIMARY KEY ("Id");


--
-- TOC entry 5049 (class 2606 OID 246610)
-- Name: TouristWallets PK_TouristWallets; Type: CONSTRAINT; Schema: payments; Owner: postgres
--

ALTER TABLE ONLY payments."TouristWallets"
    ADD CONSTRAINT "PK_TouristWallets" PRIMARY KEY ("Id");


--
-- TOC entry 5032 (class 2606 OID 246560)
-- Name: __EFMigrationsHistory PK___EFMigrationsHistory; Type: CONSTRAINT; Schema: payments; Owner: postgres
--

ALTER TABLE ONLY payments."__EFMigrationsHistory"
    ADD CONSTRAINT "PK___EFMigrationsHistory" PRIMARY KEY ("MigrationId");


--
-- TOC entry 4932 (class 2606 OID 238381)
-- Name: ApplicationGrades PK_ApplicationGrades; Type: CONSTRAINT; Schema: stakeholders; Owner: postgres
--

ALTER TABLE ONLY stakeholders."ApplicationGrades"
    ADD CONSTRAINT "PK_ApplicationGrades" PRIMARY KEY ("Id");


--
-- TOC entry 4934 (class 2606 OID 238387)
-- Name: CheckpointRequests PK_CheckpointRequests; Type: CONSTRAINT; Schema: stakeholders; Owner: postgres
--

ALTER TABLE ONLY stakeholders."CheckpointRequests"
    ADD CONSTRAINT "PK_CheckpointRequests" PRIMARY KEY ("Id");


--
-- TOC entry 4936 (class 2606 OID 238395)
-- Name: ClubInvitations PK_ClubInvitations; Type: CONSTRAINT; Schema: stakeholders; Owner: postgres
--

ALTER TABLE ONLY stakeholders."ClubInvitations"
    ADD CONSTRAINT "PK_ClubInvitations" PRIMARY KEY ("Id");


--
-- TOC entry 4952 (class 2606 OID 238446)
-- Name: ClubUser PK_ClubUser; Type: CONSTRAINT; Schema: stakeholders; Owner: postgres
--

ALTER TABLE ONLY stakeholders."ClubUser"
    ADD CONSTRAINT "PK_ClubUser" PRIMARY KEY ("ClubsId", "UsersId");


--
-- TOC entry 4938 (class 2606 OID 238403)
-- Name: Clubs PK_Clubs; Type: CONSTRAINT; Schema: stakeholders; Owner: postgres
--

ALTER TABLE ONLY stakeholders."Clubs"
    ADD CONSTRAINT "PK_Clubs" PRIMARY KEY ("Id");


--
-- TOC entry 4940 (class 2606 OID 238411)
-- Name: Messages PK_Messages; Type: CONSTRAINT; Schema: stakeholders; Owner: postgres
--

ALTER TABLE ONLY stakeholders."Messages"
    ADD CONSTRAINT "PK_Messages" PRIMARY KEY ("Id");


--
-- TOC entry 4955 (class 2606 OID 238464)
-- Name: Notifications PK_Notifications; Type: CONSTRAINT; Schema: stakeholders; Owner: postgres
--

ALTER TABLE ONLY stakeholders."Notifications"
    ADD CONSTRAINT "PK_Notifications" PRIMARY KEY ("Id");


--
-- TOC entry 4942 (class 2606 OID 238417)
-- Name: ObjectRequests PK_ObjectRequests; Type: CONSTRAINT; Schema: stakeholders; Owner: postgres
--

ALTER TABLE ONLY stakeholders."ObjectRequests"
    ADD CONSTRAINT "PK_ObjectRequests" PRIMARY KEY ("Id");


--
-- TOC entry 4958 (class 2606 OID 238477)
-- Name: People PK_People; Type: CONSTRAINT; Schema: stakeholders; Owner: postgres
--

ALTER TABLE ONLY stakeholders."People"
    ADD CONSTRAINT "PK_People" PRIMARY KEY ("Id");


--
-- TOC entry 4944 (class 2606 OID 238425)
-- Name: Requests PK_Requests; Type: CONSTRAINT; Schema: stakeholders; Owner: postgres
--

ALTER TABLE ONLY stakeholders."Requests"
    ADD CONSTRAINT "PK_Requests" PRIMARY KEY ("Id");


--
-- TOC entry 4961 (class 2606 OID 238488)
-- Name: SocialProfiles PK_SocialProfiles; Type: CONSTRAINT; Schema: stakeholders; Owner: postgres
--

ALTER TABLE ONLY stakeholders."SocialProfiles"
    ADD CONSTRAINT "PK_SocialProfiles" PRIMARY KEY ("Id");


--
-- TOC entry 4963 (class 2606 OID 238498)
-- Name: Tourists PK_Tourists; Type: CONSTRAINT; Schema: stakeholders; Owner: postgres
--

ALTER TABLE ONLY stakeholders."Tourists"
    ADD CONSTRAINT "PK_Tourists" PRIMARY KEY ("Id");


--
-- TOC entry 4966 (class 2606 OID 238508)
-- Name: UserClubs PK_UserClubs; Type: CONSTRAINT; Schema: stakeholders; Owner: postgres
--

ALTER TABLE ONLY stakeholders."UserClubs"
    ADD CONSTRAINT "PK_UserClubs" PRIMARY KEY ("UserId", "ClubId");


--
-- TOC entry 4969 (class 2606 OID 238523)
-- Name: UserFollowers PK_UserFollowers; Type: CONSTRAINT; Schema: stakeholders; Owner: postgres
--

ALTER TABLE ONLY stakeholders."UserFollowers"
    ADD CONSTRAINT "PK_UserFollowers" PRIMARY KEY ("FollowedId", "SocialProfileId");


--
-- TOC entry 4947 (class 2606 OID 238433)
-- Name: Users PK_Users; Type: CONSTRAINT; Schema: stakeholders; Owner: postgres
--

ALTER TABLE ONLY stakeholders."Users"
    ADD CONSTRAINT "PK_Users" PRIMARY KEY ("Id");


--
-- TOC entry 4949 (class 2606 OID 238441)
-- Name: VerificationTokens PK_VerificationTokens; Type: CONSTRAINT; Schema: stakeholders; Owner: postgres
--

ALTER TABLE ONLY stakeholders."VerificationTokens"
    ADD CONSTRAINT "PK_VerificationTokens" PRIMARY KEY ("Id");


--
-- TOC entry 4930 (class 2606 OID 238373)
-- Name: __EFMigrationsHistory PK___EFMigrationsHistory; Type: CONSTRAINT; Schema: stakeholders; Owner: postgres
--

ALTER TABLE ONLY stakeholders."__EFMigrationsHistory"
    ADD CONSTRAINT "PK___EFMigrationsHistory" PRIMARY KEY ("MigrationId");


--
-- TOC entry 5013 (class 2606 OID 238714)
-- Name: CheckpointCompletition PK_CheckpointCompletition; Type: CONSTRAINT; Schema: tours; Owner: postgres
--

ALTER TABLE ONLY tours."CheckpointCompletition"
    ADD CONSTRAINT "PK_CheckpointCompletition" PRIMARY KEY ("Id");


--
-- TOC entry 4992 (class 2606 OID 238623)
-- Name: Checkpoints PK_Checkpoints; Type: CONSTRAINT; Schema: tours; Owner: postgres
--

ALTER TABLE ONLY tours."Checkpoints"
    ADD CONSTRAINT "PK_Checkpoints" PRIMARY KEY ("Id");


--
-- TOC entry 4973 (class 2606 OID 238553)
-- Name: CompositeTours PK_CompositeTours; Type: CONSTRAINT; Schema: tours; Owner: postgres
--

ALTER TABLE ONLY tours."CompositeTours"
    ADD CONSTRAINT "PK_CompositeTours" PRIMARY KEY ("Id");


--
-- TOC entry 4975 (class 2606 OID 238561)
-- Name: Equipment PK_Equipment; Type: CONSTRAINT; Schema: tours; Owner: postgres
--

ALTER TABLE ONLY tours."Equipment"
    ADD CONSTRAINT "PK_Equipment" PRIMARY KEY ("Id");


--
-- TOC entry 4977 (class 2606 OID 238569)
-- Name: MapObjects PK_MapObjects; Type: CONSTRAINT; Schema: tours; Owner: postgres
--

ALTER TABLE ONLY tours."MapObjects"
    ADD CONSTRAINT "PK_MapObjects" PRIMARY KEY ("Id");


--
-- TOC entry 4979 (class 2606 OID 238577)
-- Name: PrivateTours PK_PrivateTours; Type: CONSTRAINT; Schema: tours; Owner: postgres
--

ALTER TABLE ONLY tours."PrivateTours"
    ADD CONSTRAINT "PK_PrivateTours" PRIMARY KEY ("Id");


--
-- TOC entry 4995 (class 2606 OID 238636)
-- Name: PublicCheckpoint PK_PublicCheckpoint; Type: CONSTRAINT; Schema: tours; Owner: postgres
--

ALTER TABLE ONLY tours."PublicCheckpoint"
    ADD CONSTRAINT "PK_PublicCheckpoint" PRIMARY KEY ("Id");


--
-- TOC entry 4981 (class 2606 OID 238585)
-- Name: PublicMapObjects PK_PublicMapObjects; Type: CONSTRAINT; Schema: tours; Owner: postgres
--

ALTER TABLE ONLY tours."PublicMapObjects"
    ADD CONSTRAINT "PK_PublicMapObjects" PRIMARY KEY ("Id");


--
-- TOC entry 4998 (class 2606 OID 238649)
-- Name: ReportedIssues PK_ReportedIssues; Type: CONSTRAINT; Schema: tours; Owner: postgres
--

ALTER TABLE ONLY tours."ReportedIssues"
    ADD CONSTRAINT "PK_ReportedIssues" PRIMARY KEY ("Id");


--
-- TOC entry 4983 (class 2606 OID 238593)
-- Name: TourBundles PK_TourBundles; Type: CONSTRAINT; Schema: tours; Owner: postgres
--

ALTER TABLE ONLY tours."TourBundles"
    ADD CONSTRAINT "PK_TourBundles" PRIMARY KEY ("Id");


--
-- TOC entry 5001 (class 2606 OID 238659)
-- Name: TourEquipment PK_TourEquipment; Type: CONSTRAINT; Schema: tours; Owner: postgres
--

ALTER TABLE ONLY tours."TourEquipment"
    ADD CONSTRAINT "PK_TourEquipment" PRIMARY KEY ("EquipmentId", "TourId");


--
-- TOC entry 5004 (class 2606 OID 238675)
-- Name: TourExecution PK_TourExecution; Type: CONSTRAINT; Schema: tours; Owner: postgres
--

ALTER TABLE ONLY tours."TourExecution"
    ADD CONSTRAINT "PK_TourExecution" PRIMARY KEY ("Id");


--
-- TOC entry 4987 (class 2606 OID 238607)
-- Name: TourPreference PK_TourPreference; Type: CONSTRAINT; Schema: tours; Owner: postgres
--

ALTER TABLE ONLY tours."TourPreference"
    ADD CONSTRAINT "PK_TourPreference" PRIMARY KEY ("Id");


--
-- TOC entry 5007 (class 2606 OID 238688)
-- Name: TourRating PK_TourRating; Type: CONSTRAINT; Schema: tours; Owner: postgres
--

ALTER TABLE ONLY tours."TourRating"
    ADD CONSTRAINT "PK_TourRating" PRIMARY KEY ("Id");


--
-- TOC entry 5010 (class 2606 OID 238698)
-- Name: TourTourBundles PK_TourTourBundles; Type: CONSTRAINT; Schema: tours; Owner: postgres
--

ALTER TABLE ONLY tours."TourTourBundles"
    ADD CONSTRAINT "PK_TourTourBundles" PRIMARY KEY ("TourBundleId", "TourId");


--
-- TOC entry 4985 (class 2606 OID 238599)
-- Name: TouristPosition PK_TouristPosition; Type: CONSTRAINT; Schema: tours; Owner: postgres
--

ALTER TABLE ONLY tours."TouristPosition"
    ADD CONSTRAINT "PK_TouristPosition" PRIMARY KEY ("Id");


--
-- TOC entry 4989 (class 2606 OID 238615)
-- Name: Tours PK_Tours; Type: CONSTRAINT; Schema: tours; Owner: postgres
--

ALTER TABLE ONLY tours."Tours"
    ADD CONSTRAINT "PK_Tours" PRIMARY KEY ("Id");


--
-- TOC entry 4971 (class 2606 OID 238545)
-- Name: __EFMigrationsHistory PK___EFMigrationsHistory; Type: CONSTRAINT; Schema: tours; Owner: postgres
--

ALTER TABLE ONLY tours."__EFMigrationsHistory"
    ADD CONSTRAINT "PK___EFMigrationsHistory" PRIMARY KEY ("MigrationId");


--
-- TOC entry 5024 (class 1259 OID 238854)
-- Name: IX_EncounterExecution_EncounterId; Type: INDEX; Schema: encounters; Owner: postgres
--

CREATE INDEX "IX_EncounterExecution_EncounterId" ON encounters."EncounterExecution" USING btree ("EncounterId");


--
-- TOC entry 5033 (class 1259 OID 246611)
-- Name: IX_Coupons_Code; Type: INDEX; Schema: payments; Owner: postgres
--

CREATE UNIQUE INDEX "IX_Coupons_Code" ON payments."Coupons" USING btree ("Code");


--
-- TOC entry 5036 (class 1259 OID 246612)
-- Name: IX_Items_ItemId_Type; Type: INDEX; Schema: payments; Owner: postgres
--

CREATE UNIQUE INDEX "IX_Items_ItemId_Type" ON payments."Items" USING btree ("ItemId", "Type");


--
-- TOC entry 5041 (class 1259 OID 246613)
-- Name: IX_PurchaseTokens_UserId_TourId; Type: INDEX; Schema: payments; Owner: postgres
--

CREATE UNIQUE INDEX "IX_PurchaseTokens_UserId_TourId" ON payments."PurchaseTokens" USING btree ("UserId", "TourId");


--
-- TOC entry 4950 (class 1259 OID 238534)
-- Name: IX_ClubUser_UsersId; Type: INDEX; Schema: stakeholders; Owner: postgres
--

CREATE INDEX "IX_ClubUser_UsersId" ON stakeholders."ClubUser" USING btree ("UsersId");


--
-- TOC entry 4953 (class 1259 OID 238535)
-- Name: IX_Notifications_UserId; Type: INDEX; Schema: stakeholders; Owner: postgres
--

CREATE INDEX "IX_Notifications_UserId" ON stakeholders."Notifications" USING btree ("UserId");


--
-- TOC entry 4956 (class 1259 OID 238536)
-- Name: IX_People_UserId; Type: INDEX; Schema: stakeholders; Owner: postgres
--

CREATE UNIQUE INDEX "IX_People_UserId" ON stakeholders."People" USING btree ("UserId");


--
-- TOC entry 4959 (class 1259 OID 238537)
-- Name: IX_SocialProfiles_UserId; Type: INDEX; Schema: stakeholders; Owner: postgres
--

CREATE UNIQUE INDEX "IX_SocialProfiles_UserId" ON stakeholders."SocialProfiles" USING btree ("UserId");


--
-- TOC entry 4964 (class 1259 OID 238538)
-- Name: IX_UserClubs_ClubId; Type: INDEX; Schema: stakeholders; Owner: postgres
--

CREATE INDEX "IX_UserClubs_ClubId" ON stakeholders."UserClubs" USING btree ("ClubId");


--
-- TOC entry 4967 (class 1259 OID 238539)
-- Name: IX_UserFollowers_SocialProfileId; Type: INDEX; Schema: stakeholders; Owner: postgres
--

CREATE INDEX "IX_UserFollowers_SocialProfileId" ON stakeholders."UserFollowers" USING btree ("SocialProfileId");


--
-- TOC entry 4945 (class 1259 OID 238540)
-- Name: IX_Users_Username; Type: INDEX; Schema: stakeholders; Owner: postgres
--

CREATE UNIQUE INDEX "IX_Users_Username" ON stakeholders."Users" USING btree ("Username");


--
-- TOC entry 5011 (class 1259 OID 238720)
-- Name: IX_CheckpointCompletition_TourExecutionId; Type: INDEX; Schema: tours; Owner: postgres
--

CREATE INDEX "IX_CheckpointCompletition_TourExecutionId" ON tours."CheckpointCompletition" USING btree ("TourExecutionId");


--
-- TOC entry 4990 (class 1259 OID 238721)
-- Name: IX_Checkpoints_TourId; Type: INDEX; Schema: tours; Owner: postgres
--

CREATE INDEX "IX_Checkpoints_TourId" ON tours."Checkpoints" USING btree ("TourId");


--
-- TOC entry 4993 (class 1259 OID 238722)
-- Name: IX_PublicCheckpoint_TourId; Type: INDEX; Schema: tours; Owner: postgres
--

CREATE INDEX "IX_PublicCheckpoint_TourId" ON tours."PublicCheckpoint" USING btree ("TourId");


--
-- TOC entry 4996 (class 1259 OID 238723)
-- Name: IX_ReportedIssues_TourId; Type: INDEX; Schema: tours; Owner: postgres
--

CREATE INDEX "IX_ReportedIssues_TourId" ON tours."ReportedIssues" USING btree ("TourId");


--
-- TOC entry 4999 (class 1259 OID 238724)
-- Name: IX_TourEquipment_TourId; Type: INDEX; Schema: tours; Owner: postgres
--

CREATE INDEX "IX_TourEquipment_TourId" ON tours."TourEquipment" USING btree ("TourId");


--
-- TOC entry 5002 (class 1259 OID 238725)
-- Name: IX_TourExecution_TourId; Type: INDEX; Schema: tours; Owner: postgres
--

CREATE INDEX "IX_TourExecution_TourId" ON tours."TourExecution" USING btree ("TourId");


--
-- TOC entry 5005 (class 1259 OID 238726)
-- Name: IX_TourRating_TourId; Type: INDEX; Schema: tours; Owner: postgres
--

CREATE INDEX "IX_TourRating_TourId" ON tours."TourRating" USING btree ("TourId");


--
-- TOC entry 5008 (class 1259 OID 238727)
-- Name: IX_TourTourBundles_TourId; Type: INDEX; Schema: tours; Owner: postgres
--

CREATE INDEX "IX_TourTourBundles_TourId" ON tours."TourTourBundles" USING btree ("TourId");


--
-- TOC entry 5070 (class 2606 OID 238825)
-- Name: EncounterExecution FK_EncounterExecution_Encounter_EncounterId; Type: FK CONSTRAINT; Schema: encounters; Owner: postgres
--

ALTER TABLE ONLY encounters."EncounterExecution"
    ADD CONSTRAINT "FK_EncounterExecution_Encounter_EncounterId" FOREIGN KEY ("EncounterId") REFERENCES encounters."Encounter"("Id") ON DELETE CASCADE;


--
-- TOC entry 5071 (class 2606 OID 238837)
-- Name: HiddenLocationEncounter FK_HiddenLocationEncounter_Encounter_Id; Type: FK CONSTRAINT; Schema: encounters; Owner: postgres
--

ALTER TABLE ONLY encounters."HiddenLocationEncounter"
    ADD CONSTRAINT "FK_HiddenLocationEncounter_Encounter_Id" FOREIGN KEY ("Id") REFERENCES encounters."Encounter"("Id") ON DELETE CASCADE;


--
-- TOC entry 5072 (class 2606 OID 238849)
-- Name: SocialEncounter FK_SocialEncounter_Encounter_Id; Type: FK CONSTRAINT; Schema: encounters; Owner: postgres
--

ALTER TABLE ONLY encounters."SocialEncounter"
    ADD CONSTRAINT "FK_SocialEncounter_Encounter_Id" FOREIGN KEY ("Id") REFERENCES encounters."Encounter"("Id") ON DELETE CASCADE;


--
-- TOC entry 5050 (class 2606 OID 238447)
-- Name: ClubUser FK_ClubUser_Clubs_ClubsId; Type: FK CONSTRAINT; Schema: stakeholders; Owner: postgres
--

ALTER TABLE ONLY stakeholders."ClubUser"
    ADD CONSTRAINT "FK_ClubUser_Clubs_ClubsId" FOREIGN KEY ("ClubsId") REFERENCES stakeholders."Clubs"("Id") ON DELETE CASCADE;


--
-- TOC entry 5051 (class 2606 OID 238452)
-- Name: ClubUser FK_ClubUser_Users_UsersId; Type: FK CONSTRAINT; Schema: stakeholders; Owner: postgres
--

ALTER TABLE ONLY stakeholders."ClubUser"
    ADD CONSTRAINT "FK_ClubUser_Users_UsersId" FOREIGN KEY ("UsersId") REFERENCES stakeholders."Users"("Id") ON DELETE CASCADE;


--
-- TOC entry 5052 (class 2606 OID 238465)
-- Name: Notifications FK_Notifications_Users_UserId; Type: FK CONSTRAINT; Schema: stakeholders; Owner: postgres
--

ALTER TABLE ONLY stakeholders."Notifications"
    ADD CONSTRAINT "FK_Notifications_Users_UserId" FOREIGN KEY ("UserId") REFERENCES stakeholders."Users"("Id") ON DELETE CASCADE;


--
-- TOC entry 5053 (class 2606 OID 238478)
-- Name: People FK_People_Users_UserId; Type: FK CONSTRAINT; Schema: stakeholders; Owner: postgres
--

ALTER TABLE ONLY stakeholders."People"
    ADD CONSTRAINT "FK_People_Users_UserId" FOREIGN KEY ("UserId") REFERENCES stakeholders."Users"("Id") ON DELETE CASCADE;


--
-- TOC entry 5054 (class 2606 OID 238489)
-- Name: SocialProfiles FK_SocialProfiles_Users_UserId; Type: FK CONSTRAINT; Schema: stakeholders; Owner: postgres
--

ALTER TABLE ONLY stakeholders."SocialProfiles"
    ADD CONSTRAINT "FK_SocialProfiles_Users_UserId" FOREIGN KEY ("UserId") REFERENCES stakeholders."Users"("Id") ON DELETE CASCADE;


--
-- TOC entry 5055 (class 2606 OID 238499)
-- Name: Tourists FK_Tourists_Users_Id; Type: FK CONSTRAINT; Schema: stakeholders; Owner: postgres
--

ALTER TABLE ONLY stakeholders."Tourists"
    ADD CONSTRAINT "FK_Tourists_Users_Id" FOREIGN KEY ("Id") REFERENCES stakeholders."Users"("Id") ON DELETE CASCADE;


--
-- TOC entry 5056 (class 2606 OID 238509)
-- Name: UserClubs FK_UserClubs_Clubs_ClubId; Type: FK CONSTRAINT; Schema: stakeholders; Owner: postgres
--

ALTER TABLE ONLY stakeholders."UserClubs"
    ADD CONSTRAINT "FK_UserClubs_Clubs_ClubId" FOREIGN KEY ("ClubId") REFERENCES stakeholders."Clubs"("Id") ON DELETE CASCADE;


--
-- TOC entry 5057 (class 2606 OID 238514)
-- Name: UserClubs FK_UserClubs_Users_UserId; Type: FK CONSTRAINT; Schema: stakeholders; Owner: postgres
--

ALTER TABLE ONLY stakeholders."UserClubs"
    ADD CONSTRAINT "FK_UserClubs_Users_UserId" FOREIGN KEY ("UserId") REFERENCES stakeholders."Users"("Id") ON DELETE CASCADE;


--
-- TOC entry 5058 (class 2606 OID 238524)
-- Name: UserFollowers FK_UserFollowers_SocialProfiles_SocialProfileId; Type: FK CONSTRAINT; Schema: stakeholders; Owner: postgres
--

ALTER TABLE ONLY stakeholders."UserFollowers"
    ADD CONSTRAINT "FK_UserFollowers_SocialProfiles_SocialProfileId" FOREIGN KEY ("SocialProfileId") REFERENCES stakeholders."SocialProfiles"("Id") ON DELETE CASCADE;


--
-- TOC entry 5059 (class 2606 OID 238529)
-- Name: UserFollowers FK_UserFollowers_Users_FollowedId; Type: FK CONSTRAINT; Schema: stakeholders; Owner: postgres
--

ALTER TABLE ONLY stakeholders."UserFollowers"
    ADD CONSTRAINT "FK_UserFollowers_Users_FollowedId" FOREIGN KEY ("FollowedId") REFERENCES stakeholders."Users"("Id") ON DELETE CASCADE;


--
-- TOC entry 5069 (class 2606 OID 238715)
-- Name: CheckpointCompletition FK_CheckpointCompletition_TourExecution_TourExecutionId; Type: FK CONSTRAINT; Schema: tours; Owner: postgres
--

ALTER TABLE ONLY tours."CheckpointCompletition"
    ADD CONSTRAINT "FK_CheckpointCompletition_TourExecution_TourExecutionId" FOREIGN KEY ("TourExecutionId") REFERENCES tours."TourExecution"("Id") ON DELETE CASCADE;


--
-- TOC entry 5060 (class 2606 OID 238624)
-- Name: Checkpoints FK_Checkpoints_Tours_TourId; Type: FK CONSTRAINT; Schema: tours; Owner: postgres
--

ALTER TABLE ONLY tours."Checkpoints"
    ADD CONSTRAINT "FK_Checkpoints_Tours_TourId" FOREIGN KEY ("TourId") REFERENCES tours."Tours"("Id") ON DELETE CASCADE;


--
-- TOC entry 5061 (class 2606 OID 238637)
-- Name: PublicCheckpoint FK_PublicCheckpoint_Tours_TourId; Type: FK CONSTRAINT; Schema: tours; Owner: postgres
--

ALTER TABLE ONLY tours."PublicCheckpoint"
    ADD CONSTRAINT "FK_PublicCheckpoint_Tours_TourId" FOREIGN KEY ("TourId") REFERENCES tours."Tours"("Id");


--
-- TOC entry 5062 (class 2606 OID 238650)
-- Name: ReportedIssues FK_ReportedIssues_Tours_TourId; Type: FK CONSTRAINT; Schema: tours; Owner: postgres
--

ALTER TABLE ONLY tours."ReportedIssues"
    ADD CONSTRAINT "FK_ReportedIssues_Tours_TourId" FOREIGN KEY ("TourId") REFERENCES tours."Tours"("Id") ON DELETE CASCADE;


--
-- TOC entry 5063 (class 2606 OID 238660)
-- Name: TourEquipment FK_TourEquipment_Equipment_EquipmentId; Type: FK CONSTRAINT; Schema: tours; Owner: postgres
--

ALTER TABLE ONLY tours."TourEquipment"
    ADD CONSTRAINT "FK_TourEquipment_Equipment_EquipmentId" FOREIGN KEY ("EquipmentId") REFERENCES tours."Equipment"("Id") ON DELETE CASCADE;


--
-- TOC entry 5064 (class 2606 OID 238665)
-- Name: TourEquipment FK_TourEquipment_Tours_TourId; Type: FK CONSTRAINT; Schema: tours; Owner: postgres
--

ALTER TABLE ONLY tours."TourEquipment"
    ADD CONSTRAINT "FK_TourEquipment_Tours_TourId" FOREIGN KEY ("TourId") REFERENCES tours."Tours"("Id") ON DELETE CASCADE;


--
-- TOC entry 5065 (class 2606 OID 238676)
-- Name: TourExecution FK_TourExecution_Tours_TourId; Type: FK CONSTRAINT; Schema: tours; Owner: postgres
--

ALTER TABLE ONLY tours."TourExecution"
    ADD CONSTRAINT "FK_TourExecution_Tours_TourId" FOREIGN KEY ("TourId") REFERENCES tours."Tours"("Id") ON DELETE CASCADE;


--
-- TOC entry 5066 (class 2606 OID 238689)
-- Name: TourRating FK_TourRating_Tours_TourId; Type: FK CONSTRAINT; Schema: tours; Owner: postgres
--

ALTER TABLE ONLY tours."TourRating"
    ADD CONSTRAINT "FK_TourRating_Tours_TourId" FOREIGN KEY ("TourId") REFERENCES tours."Tours"("Id") ON DELETE CASCADE;


--
-- TOC entry 5067 (class 2606 OID 238699)
-- Name: TourTourBundles FK_TourTourBundles_TourBundles_TourBundleId; Type: FK CONSTRAINT; Schema: tours; Owner: postgres
--

ALTER TABLE ONLY tours."TourTourBundles"
    ADD CONSTRAINT "FK_TourTourBundles_TourBundles_TourBundleId" FOREIGN KEY ("TourBundleId") REFERENCES tours."TourBundles"("Id") ON DELETE CASCADE;


--
-- TOC entry 5068 (class 2606 OID 238704)
-- Name: TourTourBundles FK_TourTourBundles_Tours_TourId; Type: FK CONSTRAINT; Schema: tours; Owner: postgres
--

ALTER TABLE ONLY tours."TourTourBundles"
    ADD CONSTRAINT "FK_TourTourBundles_Tours_TourId" FOREIGN KEY ("TourId") REFERENCES tours."Tours"("Id") ON DELETE CASCADE;


-- Completed on 2024-04-25 15:39:19

--
-- PostgreSQL database dump complete
--

